,match_id,gameWeek,kickoff_time,started,finished,minutes,home_team,home_score,away_team,away_score,home_diff,away_diff,code,pulse_id
3,3,1,2023-08-12 14:00:00+00:00,True,True,90,3,1,19,1,2,2,2367539,93323
4,4,1,2023-08-12 14:00:00+00:00,True,True,90,5,4,12,1,2,3,2367541,93324
5,5,1,2023-08-12 14:00:00+00:00,True,True,90,9,0,10,1,2,2,2367542,93325
6,7,1,2023-08-12 14:00:00+00:00,True,True,90,17,0,8,1,2,2,2367544,93327
7,6,1,2023-08-12 16:30:00+00:00,True,True,90,15,5,2,1,3,4,2367543,93326
8,8,1,2023-08-13 13:00:00+00:00,True,True,90,4,2,18,2,3,3,2367545,93328
9,9,1,2023-08-13 15:30:00+00:00,True,True,90,7,1,11,1,4,3,2367546,93329
10,10,1,2023-08-14 19:00:00+00:00,True,True,90,14,1,20,0,2,4,2367547,93330
11,17,2,2023-08-18 18:45:00+00:00,True,True,90,16,2,17,1,2,2,2367554,93337
12,13,2,2023-08-19 14:00:00+00:00,True,True,90,10,0,4,3,3,2,2367550,93333
13,14,2,2023-08-19 14:00:00+00:00,True,True,90,11,3,3,1,2,4,2367551,93334
14,20,2,2023-08-19 14:00:00+00:00,True,True,90,20,1,5,4,3,2,2367557,93340
15,18,2,2023-08-19 16:30:00+00:00,True,True,90,18,2,14,0,3,3,2367555,93338
16,16,2,2023-08-19 19:00:00+00:00,True,True,90,13,1,15,0,4,5,2367553,93336
17,11,2,2023-08-20 13:00:00+00:00,True,True,90,2,4,9,0,2,3,2367548,93331
18,19,2,2023-08-20 15:30:00+00:00,True,True,90,19,3,7,1,3,3,2367556,93339
19,12,2,2023-08-21 19:00:00+00:00,True,True,90,8,0,1,1,4,2,2367549,93332
20,26,3,2023-08-25 19:00:00+00:00,True,True,90,7,3,12,0,2,3,2367563,93346
21,22,3,2023-08-26 11:30:00+00:00,True,True,90,3,0,18,2,3,2,2367558,93342
22,21,3,2023-08-26 14:00:00+00:00,True,True,90,1,2,10,2,2,4,2367559,93341
23,23,3,2023-08-26 14:00:00+00:00,True,True,90,4,1,8,1,2,3,2367560,93343
24,27,3,2023-08-26 14:00:00+00:00,True,True,90,9,0,20,1,2,2,2367564,93347
25,28,3,2023-08-26 14:00:00+00:00,True,True,90,14,3,16,2,2,4,2367565,93348
26,24,3,2023-08-26 16:30:00+00:00,True,True,90,5,1,19,3,2,3,2367561,93344
27,25,3,2023-08-27 13:00:00+00:00,True,True,90,6,1,2,3,3,2,2367562,93345
28,30,3,2023-08-27 13:00:00+00:00,True,True,90,17,1,13,2,5,2,2367567,93350
29,29,3,2023-08-27 15:30:00+00:00,True,True,90,15,1,11,2,4,4,2367566,93349
30,38,4,2023-09-01 19:00:00+00:00,True,True,90,12,1,19,2,2,2,2367575,93358
31,40,4,2023-09-02 11:30:00+00:00,True,True,90,17,2,9,2,2,2,2367577,93360
32,32,4,2023-09-02 14:00:00+00:00,True,True,90,4,2,3,2,2,3,2367569,93352
33,34,4,2023-09-02 14:00:00+00:00,True,True,90,6,2,18,5,3,2,2367571,93354
34,35,4,2023-09-02 14:00:00+00:00,True,True,90,7,0,16,1,2,3,2367572,93355
35,39,4,2023-09-02 14:00:00+00:00,True,True,90,13,5,10,1,2,5,2367576,93359
36,33,4,2023-09-02 16:30:00+00:00,True,True,90,5,3,15,1,4,3,2367570,93353
37,36,4,2023-09-03 13:00:00+00:00,True,True,90,8,3,20,2,2,2,2367573,93356
38,37,4,2023-09-03 13:00:00+00:00,True,True,90,11,3,2,0,3,4,2367574,93357
39,31,4,2023-09-03 15:30:00+00:00,True,True,90,1,3,14,1,3,4,2367568,93351
40,50,5,2023-09-16 11:30:00+00:00,True,True,90,20,1,11,3,4,2,2367587,93370
41,41,5,2023-09-16 14:00:00+00:00,True,True,90,2,3,8,1,2,3,2367579,93361
42,44,5,2023-09-16 14:00:00+00:00,True,True,90,10,1,12,0,2,2,2367581,93364
43,45,5,2023-09-16 14:00:00+00:00,True,True,90,14,1,5,3,3,4,2367582,93365
44,48,5,2023-09-16 14:00:00+00:00,True,True,90,18,2,17,1,2,3,2367585,93368
45,49,5,2023-09-16 14:00:00+00:00,True,True,90,19,1,13,3,5,3,2367586,93369
46,46,5,2023-09-16 16:30:00+00:00,True,True,90,15,1,4,0,3,4,2367583,93366
47,42,5,2023-09-17 13:00:00+00:00,True,True,90,3,0,7,0,3,2,2367578,93362
48,43,5,2023-09-17 15:30:00+00:00,True,True,90,9,0,1,1,4,2,2367580,93363
49,47,5,2023-09-18 18:45:00+00:00,True,True,90,16,1,6,1,2,2,2367584,93367
50,56,6,2023-09-23 14:00:00+00:00,True,True,90,8,0,10,0,2,2,2367593,93376
51,58,6,2023-09-23 14:00:00+00:00,True,True,90,12,1,20,1,2,2,2367595,93378
52,59,6,2023-09-23 14:00:00+00:00,True,True,90,13,2,16,0,2,5,2367596,93379
53,52,6,2023-09-23 16:30:00+00:00,True,True,90,4,1,9,3,2,3,2367589,93372
54,54,6,2023-09-23 19:00:00+00:00,True,True,90,6,0,14,1,3,2,2367591,93374
55,51,6,2023-09-24 13:00:00+00:00,True,True,90,1,2,18,2,3,4,2367588,93371
56,53,6,2023-09-24 13:00:00+00:00,True,True,90,5,3,3,1,2,3,2367590,93373
57,55,6,2023-09-24 13:00:00+00:00,True,True,90,7,0,2,1,3,3,2367592,93375
58,57,6,2023-09-24 13:00:00+00:00,True,True,90,11,3,19,1,2,4,2367594,93377
59,60,6,2023-09-24 15:30:00+00:00,True,True,90,17,0,15,8,4,2,2367597,93380
60,61,7,2023-09-30 11:30:00+00:00,True,True,90,2,6,5,1,3,3,2367599,93381
61,62,7,2023-09-30 14:00:00+00:00,True,True,90,3,0,1,4,4,2,2367598,93382
62,63,7,2023-09-30 14:00:00+00:00,True,True,90,9,1,12,2,2,2,2367600,93383
63,65,7,2023-09-30 14:00:00+00:00,True,True,90,14,0,8,1,2,4,2367602,93385
64,66,7,2023-09-30 14:00:00+00:00,True,True,90,15,2,6,0,2,4,2367603,93386
65,69,7,2023-09-30 14:00:00+00:00,True,True,90,19,2,17,0,2,3,2367606,93389
66,70,7,2023-09-30 14:00:00+00:00,True,True,90,20,2,13,1,5,2,2367607,93390
67,68,7,2023-09-30 16:30:00+00:00,True,True,90,18,2,11,1,4,3,2367605,93388
68,67,7,2023-10-01 13:00:00+00:00,True,True,90,16,1,4,1,3,2,2367604,93387
69,64,7,2023-10-02 19:00:00+00:00,True,True,90,10,0,7,2,3,2,2367601,93384
70,15,7,2023-10-03 18:30:00+00:00,True,True,90,12,1,6,2,2,2,2367552,93335
71,77,8,2023-10-07 11:30:00+00:00,True,True,90,12,0,18,1,3,2,2367614,93397
72,73,8,2023-10-07 14:00:00+00:00,True,True,90,6,1,7,4,3,2,2367610,93393
73,75,8,2023-10-07 14:00:00+00:00,True,True,90,9,3,3,0,2,2,2367612,93395
74,76,8,2023-10-07 14:00:00+00:00,True,True,90,10,3,17,1,2,2,2367613,93396
75,78,8,2023-10-07 14:00:00+00:00,True,True,90,14,2,4,1,3,4,2367615,93398
76,74,8,2023-10-07 16:30:00+00:00,True,True,90,8,0,16,0,2,2,2367611,93394
77,72,8,2023-10-08 13:00:00+00:00,True,True,90,5,2,11,2,4,3,2367609,93392
78,79,8,2023-10-08 13:00:00+00:00,True,True,90,19,2,15,2,4,3,2367616,93399
79,80,8,2023-10-08 13:00:00+00:00,True,True,90,20,1,2,1,3,2,2367617,93400
80,71,8,2023-10-08 15:30:00+00:00,True,True,90,1,1,13,0,5,4,2367608,93391
81,85,9,2023-10-21 11:30:00+00:00,True,True,90,11,2,9,0,2,4,2367622,93405
82,82,9,2023-10-21 14:00:00+00:00,True,True,90,3,1,20,2,2,2,2367618,93402
83,83,9,2023-10-21 14:00:00+00:00,True,True,90,4,3,6,0,2,3,2367620,93403
84,86,9,2023-10-21 14:00:00+00:00,True,True,90,13,2,5,1,3,5,2367623,93406
85,87,9,2023-10-21 14:00:00+00:00,True,True,90,15,4,8,0,2,4,2367624,93407
86,88,9,2023-10-21 14:00:00+00:00,True,True,90,16,2,12,2,2,2,2367625,93408
87,84,9,2023-10-21 16:30:00+00:00,True,True,90,7,2,1,2,4,3,2367621,93404
88,89,9,2023-10-21 19:00:00+00:00,True,True,90,17,1,14,2,3,2,2367626,93409
89,81,9,2023-10-22 15:30:00+00:00,True,True,90,2,4,19,1,2,3,2367619,93401
90,90,9,2023-10-23 19:00:00+00:00,True,True,90,18,2,10,0,2,3,2367627,93410
91,96,10,2023-10-27 19:00:00+00:00,True,True,90,8,1,18,2,3,2,2367633,93416
92,95,10,2023-10-28 11:30:00+00:00,True,True,90,7,0,4,2,3,3,2367632,93415
93,91,10,2023-10-28 14:00:00+00:00,True,True,90,1,5,17,0,2,4,2367629,93411
94,93,10,2023-10-28 14:00:00+00:00,True,True,90,3,2,6,1,2,2,2367628,93413
95,100,10,2023-10-28 16:30:00+00:00,True,True,90,20,2,15,2,4,2,2367637,93420
96,99,10,2023-10-29 13:00:00+00:00,True,True,90,19,0,9,1,2,3,2367636,93419
97,92,10,2023-10-29 14:00:00+00:00,True,True,90,2,3,12,1,2,3,2367630,93412
98,94,10,2023-10-29 14:00:00+00:00,True,True,90,5,1,10,1,2,3,2367631,93414
99,97,10,2023-10-29 14:00:00+00:00,True,True,90,11,3,16,0,2,4,2367634,93417
100,98,10,2023-10-29 15:30:00+00:00,True,True,90,14,0,13,3,5,4,2367635,93418
101,104,11,2023-11-04 12:30:00+00:00,False,False,0,10,0,14,0,3,2,2367641,93424
102,101,11,2023-11-04 15:00:00+00:00,False,False,0,4,0,19,0,2,3,2367638,93421
103,102,11,2023-11-04 15:00:00+00:00,False,False,0,6,0,8,0,2,2,2367639,93422
104,103,11,2023-11-04 15:00:00+00:00,False,False,0,9,0,5,0,3,2,2367640,93423
105,106,11,2023-11-04 15:00:00+00:00,False,False,0,13,0,3,0,2,5,2367643,93426
106,109,11,2023-11-04 15:00:00+00:00,False,False,0,17,0,20,0,2,2,2367646,93429
107,107,11,2023-11-04 17:30:00+00:00,False,False,0,15,0,1,0,4,4,2367644,93427
108,108,11,2023-11-05 14:00:00+00:00,False,False,0,16,0,2,0,3,2,2367645,93428
109,105,11,2023-11-05 16:30:00+00:00,False,False,0,12,0,11,0,4,2,2367642,93425
110,110,11,2023-11-06 20:00:00+00:00,False,False,0,18,0,7,0,3,3,2367647,93430
111,120,12,2023-11-11 12:30:00+00:00,False,False,0,20,0,18,0,3,2,2367657,93440
112,111,12,2023-11-11 15:00:00+00:00,False,False,0,1,0,6,0,2,4,2367649,93431
113,116,12,2023-11-11 15:00:00+00:00,False,False,0,8,0,9,0,2,2,2367653,93436
114,118,12,2023-11-11 15:00:00+00:00,False,False,0,14,0,12,0,2,4,2367655,93438
115,113,12,2023-11-11 17:30:00+00:00,False,False,0,3,0,15,0,4,2,2367648,93433
116,112,12,2023-11-12 14:00:00+00:00,False,False,0,2,0,10,0,2,3,2367650,93432
117,114,12,2023-11-12 14:00:00+00:00,False,False,0,5,0,17,0,2,3,2367651,93434
118,117,12,2023-11-12 14:00:00+00:00,False,False,0,11,0,4,0,3,4,2367654,93437
119,119,12,2023-11-12 14:00:00+00:00,False,False,0,19,0,16,0,2,3,2367656,93439
120,115,12,2023-11-12 16:30:00+00:00,False,False,0,7,0,13,0,5,3,2367652,93435
121,126,13,2023-11-25 12:30:00+00:00,False,False,0,13,0,11,0,4,5,2367663,93446
122,122,13,2023-11-25 15:00:00+00:00,False,False,0,6,0,19,0,2,2,2367659,93442
123,125,13,2023-11-25 15:00:00+00:00,False,False,0,12,0,8,0,2,2,2367662,93445
124,127,13,2023-11-25 15:00:00+00:00,False,False,0,15,0,7,0,3,4,2367664,93447
125,128,13,2023-11-25 15:00:00+00:00,False,False,0,16,0,5,0,3,2,2367665,93448
126,129,13,2023-11-25 15:00:00+00:00,False,False,0,17,0,3,0,2,2,2367666,93449
127,121,13,2023-11-25 17:30:00+00:00,False,False,0,4,0,1,0,4,3,2367658,93441
128,130,13,2023-11-26 14:00:00+00:00,False,False,0,18,0,2,0,3,3,2367667,93450
129,123,13,2023-11-26 16:30:00+00:00,False,False,0,9,0,14,0,3,2,2367660,93443
130,124,13,2023-11-27 20:00:00+00:00,False,False,0,10,0,20,0,2,2,2367661,93444
131,131,14,2023-12-02 15:00:00+00:00,False,False,0,1,0,20,0,2,4,2367669,93451
132,133,14,2023-12-02 15:00:00+00:00,False,False,0,4,0,12,0,2,3,2367670,93453
133,134,14,2023-12-02 15:00:00+00:00,False,False,0,6,0,17,0,2,2,2367671,93454
134,139,14,2023-12-02 17:30:00+00:00,False,False,0,16,0,9,0,2,2,2367676,93459
135,138,14,2023-12-02 20:00:00+00:00,False,False,0,15,0,14,0,3,4,2367675,93458
136,132,14,2023-12-03 14:00:00+00:00,False,False,0,3,0,2,0,3,2,2367668,93452
137,135,14,2023-12-03 14:00:00+00:00,False,False,0,7,0,5,0,3,3,2367672,93455
138,136,14,2023-12-03 14:00:00+00:00,False,False,0,11,0,10,0,2,4,2367673,93456
139,140,14,2023-12-03 14:00:00+00:00,False,False,0,19,0,8,0,2,3,2367677,93460
140,137,14,2023-12-03 16:30:00+00:00,False,False,0,13,0,18,0,3,5,2367674,93457
141,149,15,2023-12-05 19:30:00+00:00,False,False,0,20,0,6,0,2,2,2367686,93469
142,146,15,2023-12-05 20:15:00+00:00,False,False,0,12,0,1,0,4,2,2367683,93466
143,142,15,2023-12-06 19:30:00+00:00,False,False,0,5,0,4,0,3,3,2367679,93462
144,143,15,2023-12-06 19:30:00+00:00,False,False,0,8,0,3,0,2,2,2367680,93463
145,145,15,2023-12-06 19:30:00+00:00,False,False,0,10,0,16,0,2,2,2367682,93465
146,147,15,2023-12-06 19:30:00+00:00,False,False,0,17,0,11,0,4,2,2367684,93467
147,141,15,2023-12-06 20:15:00+00:00,False,False,0,2,0,13,0,5,3,2367678,93461
148,150,15,2023-12-06 20:15:00+00:00,False,False,0,14,0,7,0,3,4,2367687,93470
149,144,15,2023-12-07 19:30:00+00:00,False,False,0,9,0,15,0,4,2,2367681,93464
150,148,15,2023-12-07 20:15:00+00:00,False,False,0,18,0,19,0,2,3,2367685,93468
151,153,16,2023-12-09 12:30:00+00:00,False,False,0,8,0,11,0,4,2,2367690,93473
152,152,16,2023-12-09 15:00:00+00:00,False,False,0,5,0,6,0,2,3,2367689,93472
153,157,16,2023-12-09 15:00:00+00:00,False,False,0,14,0,3,0,2,4,2367694,93477
154,158,16,2023-12-09 15:00:00+00:00,False,False,0,17,0,4,0,3,2,2367695,93478
155,160,16,2023-12-09 15:00:00+00:00,False,False,0,20,0,16,0,2,2,2367697,93480
156,151,16,2023-12-09 17:30:00+00:00,False,False,0,2,0,1,0,4,3,2367688,93471
157,154,16,2023-12-10 14:00:00+00:00,False,False,0,9,0,7,0,3,2,2367691,93474
158,155,16,2023-12-10 14:00:00+00:00,False,False,0,10,0,19,0,2,2,2367692,93475
159,156,16,2023-12-10 14:00:00+00:00,False,False,0,12,0,13,0,5,2,2367693,93476
160,159,16,2023-12-10 16:30:00+00:00,False,False,0,18,0,15,0,4,3,2367696,93479
161,169,17,2023-12-15 20:00:00+00:00,False,False,0,16,0,18,0,3,2,2367706,93489
162,162,17,2023-12-16 15:00:00+00:00,False,False,0,3,0,12,0,2,2,2367698,93482
163,165,17,2023-12-16 15:00:00+00:00,False,False,0,7,0,17,0,2,3,2367702,93485
164,167,17,2023-12-16 15:00:00+00:00,False,False,0,13,0,8,0,2,5,2367704,93487
165,168,17,2023-12-16 15:00:00+00:00,False,False,0,15,0,10,0,2,4,2367705,93488
166,164,17,2023-12-16 17:30:00+00:00,False,False,0,6,0,9,0,2,2,2367701,93484
167,161,17,2023-12-17 14:00:00+00:00,False,False,0,1,0,5,0,3,4,2367699,93481
168,163,17,2023-12-17 14:00:00+00:00,False,False,0,4,0,2,0,3,3,2367700,93483
169,170,17,2023-12-17 14:00:00+00:00,False,False,0,19,0,20,0,2,3,2367707,93490
170,166,17,2023-12-17 16:30:00+00:00,False,False,0,11,0,14,0,3,4,2367703,93486
171,172,18,2023-12-21 20:00:00+00:00,False,False,0,8,0,5,0,3,2,2367709,93492
172,171,18,2023-12-22 20:00:00+00:00,False,False,0,2,0,17,0,2,3,2367708,93491
173,179,18,2023-12-23 12:30:00+00:00,False,False,0,19,0,14,0,3,3,2367716,93499
174,173,18,2023-12-23 15:00:00+00:00,False,False,0,10,0,6,0,2,2,2367710,93493
175,175,18,2023-12-23 15:00:00+00:00,False,False,0,12,0,15,0,4,2,2367712,93495
176,177,18,2023-12-23 15:00:00+00:00,False,False,0,16,0,3,0,2,2,2367714,93497
177,178,18,2023-12-23 15:00:00+00:00,False,False,0,18,0,9,0,2,3,2367715,93498
178,174,18,2023-12-23 17:30:00+00:00,False,False,0,11,0,1,0,4,4,2367711,93494
179,180,18,2023-12-24 13:00:00+00:00,False,False,0,20,0,7,0,3,2,2367717,93500
180,189,19,2023-12-26 12:30:00+00:00,False,False,0,15,0,16,0,2,4,2367726,93509
181,182,19,2023-12-26 15:00:00+00:00,False,False,0,3,0,10,0,2,2,2367718,93502
182,190,19,2023-12-26 15:00:00+00:00,False,False,0,17,0,12,0,2,2,2367727,93510
183,185,19,2023-12-26 17:30:00+00:00,False,False,0,6,0,11,0,4,2,2367722,93505
184,188,19,2023-12-26 20:00:00+00:00,False,False,0,14,0,2,0,3,4,2367725,93508
185,183,19,2023-12-27 19:30:00+00:00,False,False,0,4,0,20,0,2,3,2367720,93503
186,186,19,2023-12-27 19:30:00+00:00,False,False,0,7,0,8,0,2,3,2367723,93506
187,187,19,2023-12-27 20:15:00+00:00,False,False,0,9,0,13,0,5,2,2367724,93507
188,184,19,2023-12-28 19:30:00+00:00,False,False,0,5,0,18,0,3,3,2367721,93504
189,181,19,2023-12-28 20:15:00+00:00,False,False,0,1,0,19,0,2,4,2367719,93501
190,195,20,2023-12-30 12:30:00+00:00,False,False,0,12,0,7,0,3,2,2367732,93515
191,191,20,2023-12-30 15:00:00+00:00,False,False,0,2,0,6,0,2,3,2367728,93511
192,192,20,2023-12-30 15:00:00+00:00,False,False,0,8,0,4,0,3,2,2367729,93512
193,196,20,2023-12-30 15:00:00+00:00,False,False,0,13,0,17,0,2,5,2367733,93516
194,200,20,2023-12-30 15:00:00+00:00,False,False,0,20,0,9,0,2,2,2367737,93520
195,197,20,2023-12-30 17:30:00+00:00,False,False,0,16,0,14,0,3,2,2367734,93517
196,193,20,2023-12-31 14:00:00+00:00,False,False,0,10,0,1,0,4,2,2367730,93513
197,198,20,2023-12-31 14:00:00+00:00,False,False,0,18,0,3,0,2,3,2367735,93518
198,194,20,2024-01-01 20:00:00+00:00,False,False,0,11,0,15,0,4,4,2367731,93514
199,199,20,2024-01-02 19:30:00+00:00,False,False,0,19,0,5,0,3,3,2367736,93519
200,206,21,2024-01-13 12:30:00+00:00,False,False,0,7,0,10,0,2,3,2367743,93526
201,209,21,2024-01-13 17:30:00+00:00,False,False,0,15,0,13,0,5,4,2367746,93529
202,207,21,2024-01-14 14:00:00+00:00,False,False,0,9,0,2,0,3,2,2367744,93527
203,208,21,2024-01-14 16:30:00+00:00,False,False,0,14,0,18,0,3,4,2367745,93528
204,205,21,2024-01-15 19:45:00+00:00,False,False,0,6,0,12,0,2,2,2367742,93525
205,201,21,2024-01-20 12:30:00+00:00,False,False,0,1,0,8,0,2,4,2367739,93521
206,203,21,2024-01-20 17:30:00+00:00,False,False,0,4,0,16,0,2,3,2367740,93523
207,210,21,2024-01-21 14:00:00+00:00,False,False,0,17,0,19,0,2,2,2367747,93530
208,202,21,2024-01-21 16:30:00+00:00,False,False,0,3,0,11,0,4,2,2367738,93522
209,204,21,2024-01-22 19:45:00+00:00,False,False,0,5,0,20,0,2,3,2367741,93524
210,211,22,2024-01-30 19:45:00+00:00,False,False,0,2,0,15,0,4,3,2367748,93531
211,213,22,2024-01-30 19:45:00+00:00,False,False,0,10,0,9,0,2,2,2367750,93533
212,214,22,2024-01-30 19:45:00+00:00,False,False,0,12,0,5,0,3,2,2367751,93534
213,215,22,2024-01-30 19:45:00+00:00,False,False,0,16,0,1,0,4,2,2367752,93535
214,216,22,2024-01-30 19:45:00+00:00,False,False,0,18,0,4,0,3,3,2367753,93536
215,217,22,2024-01-30 19:45:00+00:00,False,False,0,19,0,3,0,2,3,2367754,93537
216,218,22,2024-01-30 19:45:00+00:00,False,False,0,20,0,14,0,3,2,2367755,93538
217,212,22,2024-01-30 20:00:00+00:00,False,False,0,8,0,17,0,2,2,2367749,93532
218,219,22,2024-01-31 20:00:00+00:00,False,False,0,11,0,7,0,3,4,2367756,93539
219,220,22,2024-01-31 20:00:00+00:00,False,False,0,13,0,6,0,2,5,2367757,93540
220,221,23,2024-02-03 15:00:00+00:00,False,False,0,1,0,11,0,4,4,2367759,93541
221,222,23,2024-02-03 15:00:00+00:00,False,False,0,3,0,16,0,2,2,2367758,93542
222,223,23,2024-02-03 15:00:00+00:00,False,False,0,4,0,13,0,5,3,2367760,93543
223,224,23,2024-02-03 15:00:00+00:00,False,False,0,5,0,8,0,2,3,2367761,93544
224,225,23,2024-02-03 15:00:00+00:00,False,False,0,6,0,10,0,2,2,2367762,93545
225,226,23,2024-02-03 15:00:00+00:00,False,False,0,7,0,20,0,2,3,2367763,93546
226,227,23,2024-02-03 15:00:00+00:00,False,False,0,9,0,18,0,3,2,2367764,93547
227,228,23,2024-02-03 15:00:00+00:00,False,False,0,14,0,19,0,2,4,2367765,93548
228,229,23,2024-02-03 15:00:00+00:00,False,False,0,15,0,12,0,2,4,2367766,93549
229,230,23,2024-02-03 15:00:00+00:00,False,False,0,17,0,2,0,3,2,2367767,93550
230,231,24,2024-02-10 15:00:00+00:00,False,False,0,2,0,14,0,3,3,2367768,93551
231,232,24,2024-02-10 15:00:00+00:00,False,False,0,8,0,7,0,3,2,2367769,93552
232,233,24,2024-02-10 15:00:00+00:00,False,False,0,10,0,3,0,2,2,2367770,93553
233,234,24,2024-02-10 15:00:00+00:00,False,False,0,11,0,6,0,2,4,2367771,93554
234,235,24,2024-02-10 15:00:00+00:00,False,False,0,12,0,17,0,2,2,2367772,93555
235,236,24,2024-02-10 15:00:00+00:00,False,False,0,13,0,9,0,2,5,2367773,93556
236,237,24,2024-02-10 15:00:00+00:00,False,False,0,16,0,15,0,4,2,2367774,93557
237,238,24,2024-02-10 15:00:00+00:00,False,False,0,18,0,5,0,3,3,2367775,93558
238,239,24,2024-02-10 15:00:00+00:00,False,False,0,19,0,1,0,4,3,2367776,93559
239,240,24,2024-02-10 15:00:00+00:00,False,False,0,20,0,4,0,3,2,2367777,93560
240,241,25,2024-02-17 15:00:00+00:00,False,False,0,4,0,11,0,4,3,2367778,93561
241,242,25,2024-02-17 15:00:00+00:00,False,False,0,6,0,1,0,4,2,2367779,93562
242,243,25,2024-02-17 15:00:00+00:00,False,False,0,9,0,8,0,2,2,2367780,93563
243,244,25,2024-02-17 15:00:00+00:00,False,False,0,10,0,2,0,3,2,2367781,93564
244,245,25,2024-02-17 15:00:00+00:00,False,False,0,12,0,14,0,3,2,2367782,93565
245,246,25,2024-02-17 15:00:00+00:00,False,False,0,13,0,7,0,3,5,2367783,93566
246,247,25,2024-02-17 15:00:00+00:00,False,False,0,15,0,3,0,2,4,2367784,93567
247,248,25,2024-02-17 15:00:00+00:00,False,False,0,16,0,19,0,2,2,2367785,93568
248,249,25,2024-02-17 15:00:00+00:00,False,False,0,17,0,5,0,3,2,2367786,93569
249,250,25,2024-02-17 15:00:00+00:00,False,False,0,18,0,20,0,2,3,2367787,93570
250,251,26,2024-02-24 15:00:00+00:00,False,False,0,1,0,15,0,4,4,2367789,93571
251,252,26,2024-02-24 15:00:00+00:00,False,False,0,2,0,16,0,2,3,2367790,93572
252,253,26,2024-02-24 15:00:00+00:00,False,False,0,3,0,13,0,5,2,2367788,93573
253,254,26,2024-02-24 15:00:00+00:00,False,False,0,5,0,9,0,2,3,2367791,93574
254,255,26,2024-02-24 15:00:00+00:00,False,False,0,7,0,18,0,3,3,2367792,93575
255,256,26,2024-02-24 15:00:00+00:00,False,False,0,8,0,6,0,2,2,2367793,93576
256,257,26,2024-02-24 15:00:00+00:00,False,False,0,11,0,12,0,2,4,2367794,93577
257,258,26,2024-02-24 15:00:00+00:00,False,False,0,14,0,10,0,2,4,2367795,93578
258,259,26,2024-02-24 15:00:00+00:00,False,False,0,19,0,4,0,3,3,2367796,93579
259,260,26,2024-02-24 15:00:00+00:00,False,False,0,20,0,17,0,2,2,2367797,93580
260,261,27,2024-03-02 15:00:00+00:00,False,False,0,4,0,7,0,3,3,2367798,93581
261,262,27,2024-03-02 15:00:00+00:00,False,False,0,6,0,3,0,2,2,2367799,93582
262,263,27,2024-03-02 15:00:00+00:00,False,False,0,9,0,19,0,2,2,2367800,93583
263,264,27,2024-03-02 15:00:00+00:00,False,False,0,10,0,5,0,3,2,2367801,93584
264,265,27,2024-03-02 15:00:00+00:00,False,False,0,12,0,2,0,3,2,2367802,93585
265,266,27,2024-03-02 15:00:00+00:00,False,False,0,13,0,14,0,3,5,2367803,93586
266,267,27,2024-03-02 15:00:00+00:00,False,False,0,15,0,20,0,2,4,2367804,93587
267,268,27,2024-03-02 15:00:00+00:00,False,False,0,16,0,11,0,4,2,2367805,93588
268,269,27,2024-03-02 15:00:00+00:00,False,False,0,17,0,1,0,4,2,2367806,93589
269,270,27,2024-03-02 15:00:00+00:00,False,False,0,18,0,8,0,2,3,2367807,93590
270,271,28,2024-03-09 15:00:00+00:00,False,False,0,1,0,4,0,3,4,2367809,93591
271,272,28,2024-03-09 15:00:00+00:00,False,False,0,2,0,18,0,3,3,2367810,93592
272,273,28,2024-03-09 15:00:00+00:00,False,False,0,3,0,17,0,2,2,2367808,93593
273,274,28,2024-03-09 15:00:00+00:00,False,False,0,5,0,16,0,2,3,2367811,93594
274,275,28,2024-03-09 15:00:00+00:00,False,False,0,7,0,15,0,4,3,2367812,93595
275,276,28,2024-03-09 15:00:00+00:00,False,False,0,8,0,12,0,2,2,2367813,93596
276,277,28,2024-03-09 15:00:00+00:00,False,False,0,11,0,13,0,5,4,2367814,93597
277,278,28,2024-03-09 15:00:00+00:00,False,False,0,14,0,9,0,2,4,2367815,93598
278,279,28,2024-03-09 15:00:00+00:00,False,False,0,19,0,6,0,2,3,2367816,93599
279,280,28,2024-03-09 15:00:00+00:00,False,False,0,20,0,10,0,2,2,2367817,93600
280,281,29,2024-03-16 15:00:00+00:00,False,False,0,1,0,7,0,3,4,2367818,93601
281,282,29,2024-03-16 15:00:00+00:00,False,False,0,5,0,13,0,5,3,2367819,93602
282,283,29,2024-03-16 15:00:00+00:00,False,False,0,6,0,4,0,3,2,2367820,93603
283,284,29,2024-03-16 15:00:00+00:00,False,False,0,8,0,15,0,4,2,2367821,93604
284,285,29,2024-03-16 15:00:00+00:00,False,False,0,9,0,11,0,4,2,2367822,93605
285,286,29,2024-03-16 15:00:00+00:00,False,False,0,10,0,18,0,3,2,2367823,93606
286,287,29,2024-03-16 15:00:00+00:00,False,False,0,12,0,16,0,2,2,2367824,93607
287,288,29,2024-03-16 15:00:00+00:00,False,False,0,14,0,17,0,2,4,2367825,93608
288,289,29,2024-03-16 15:00:00+00:00,False,False,0,19,0,2,0,3,3,2367826,93609
289,290,29,2024-03-16 15:00:00+00:00,False,False,0,20,0,3,0,2,2,2367827,93610
290,291,30,2024-03-30 15:00:00+00:00,False,False,0,2,0,20,0,2,3,2367829,93611
291,292,30,2024-03-30 15:00:00+00:00,False,False,0,3,0,9,0,2,2,2367828,93612
292,293,30,2024-03-30 15:00:00+00:00,False,False,0,4,0,14,0,3,3,2367830,93613
293,294,30,2024-03-30 15:00:00+00:00,False,False,0,7,0,6,0,2,3,2367831,93614
294,295,30,2024-03-30 15:00:00+00:00,False,False,0,11,0,5,0,3,4,2367832,93615
295,296,30,2024-03-30 15:00:00+00:00,False,False,0,13,0,1,0,4,5,2367833,93616
296,297,30,2024-03-30 15:00:00+00:00,False,False,0,15,0,19,0,2,4,2367834,93617
297,298,30,2024-03-30 15:00:00+00:00,False,False,0,16,0,8,0,2,2,2367835,93618
298,299,30,2024-03-30 15:00:00+00:00,False,False,0,17,0,10,0,2,2,2367836,93619
299,300,30,2024-03-30 15:00:00+00:00,False,False,0,18,0,12,0,2,3,2367837,93620
300,301,31,2024-04-02 18:45:00+00:00,False,False,0,1,0,12,0,2,4,2367839,93621
301,302,31,2024-04-02 18:45:00+00:00,False,False,0,3,0,8,0,2,2,2367838,93622
302,303,31,2024-04-02 18:45:00+00:00,False,False,0,4,0,5,0,3,3,2367840,93623
303,304,31,2024-04-02 18:45:00+00:00,False,False,0,6,0,20,0,2,2,2367841,93624
304,305,31,2024-04-02 18:45:00+00:00,False,False,0,16,0,10,0,2,2,2367842,93625
305,306,31,2024-04-02 18:45:00+00:00,False,False,0,19,0,18,0,3,3,2367843,93626
306,307,31,2024-04-03 18:45:00+00:00,False,False,0,7,0,14,0,3,3,2367844,93627
307,310,31,2024-04-03 18:45:00+00:00,False,False,0,15,0,9,0,2,4,2367847,93630
308,308,31,2024-04-03 19:00:00+00:00,False,False,0,11,0,17,0,2,4,2367845,93628
309,309,31,2024-04-03 19:00:00+00:00,False,False,0,13,0,2,0,3,5,2367846,93629
310,311,32,2024-04-06 14:00:00+00:00,False,False,0,2,0,4,0,3,3,2367848,93631
311,312,32,2024-04-06 14:00:00+00:00,False,False,0,5,0,1,0,4,3,2367849,93632
312,313,32,2024-04-06 14:00:00+00:00,False,False,0,8,0,13,0,5,2,2367850,93633
313,314,32,2024-04-06 14:00:00+00:00,False,False,0,9,0,6,0,2,2,2367851,93634
314,315,32,2024-04-06 14:00:00+00:00,False,False,0,10,0,15,0,4,2,2367852,93635
315,316,32,2024-04-06 14:00:00+00:00,False,False,0,12,0,3,0,2,2,2367853,93636
316,317,32,2024-04-06 14:00:00+00:00,False,False,0,14,0,11,0,4,4,2367854,93637
317,318,32,2024-04-06 14:00:00+00:00,False,False,0,17,0,7,0,3,2,2367855,93638
318,319,32,2024-04-06 14:00:00+00:00,False,False,0,18,0,16,0,2,3,2367856,93639
319,320,32,2024-04-06 14:00:00+00:00,False,False,0,20,0,19,0,2,2,2367857,93640
320,321,33,2024-04-13 14:00:00+00:00,False,False,0,1,0,2,0,3,4,2367859,93641
321,322,33,2024-04-13 14:00:00+00:00,False,False,0,3,0,14,0,3,2,2367858,93642
322,323,33,2024-04-13 14:00:00+00:00,False,False,0,4,0,17,0,2,3,2367860,93643
323,324,33,2024-04-13 14:00:00+00:00,False,False,0,6,0,5,0,3,2,2367861,93644
324,325,33,2024-04-13 14:00:00+00:00,False,False,0,7,0,9,0,2,3,2367862,93645
325,326,33,2024-04-13 14:00:00+00:00,False,False,0,11,0,8,0,2,4,2367863,93646
326,327,33,2024-04-13 14:00:00+00:00,False,False,0,13,0,12,0,2,5,2367864,93647
327,328,33,2024-04-13 14:00:00+00:00,False,False,0,15,0,18,0,3,4,2367865,93648
328,329,33,2024-04-13 14:00:00+00:00,False,False,0,16,0,20,0,2,2,2367866,93649
329,330,33,2024-04-13 14:00:00+00:00,False,False,0,19,0,10,0,2,3,2367867,93650
330,331,34,2024-04-20 14:00:00+00:00,False,False,0,2,0,3,0,2,3,2367868,93651
331,332,34,2024-04-20 14:00:00+00:00,False,False,0,5,0,7,0,3,3,2367869,93652
332,333,34,2024-04-20 14:00:00+00:00,False,False,0,8,0,19,0,2,2,2367870,93653
333,334,34,2024-04-20 14:00:00+00:00,False,False,0,9,0,16,0,2,2,2367871,93654
334,335,34,2024-04-20 14:00:00+00:00,False,False,0,10,0,11,0,4,2,2367872,93655
335,336,34,2024-04-20 14:00:00+00:00,False,False,0,12,0,4,0,3,2,2367873,93656
336,337,34,2024-04-20 14:00:00+00:00,False,False,0,14,0,15,0,4,4,2367874,93657
337,338,34,2024-04-20 14:00:00+00:00,False,False,0,17,0,6,0,2,2,2367875,93658
338,339,34,2024-04-20 14:00:00+00:00,False,False,0,18,0,13,0,5,3,2367876,93659
339,340,34,2024-04-20 14:00:00+00:00,False,False,0,20,0,1,0,4,2,2367877,93660
340,341,35,2024-04-27 14:00:00+00:00,False,False,0,2,0,7,0,3,3,2367879,93661
341,342,35,2024-04-27 14:00:00+00:00,False,False,0,3,0,5,0,3,2,2367878,93662
342,343,35,2024-04-27 14:00:00+00:00,False,False,0,9,0,4,0,3,2,2367880,93663
343,344,35,2024-04-27 14:00:00+00:00,False,False,0,10,0,8,0,2,2,2367881,93664
344,345,35,2024-04-27 14:00:00+00:00,False,False,0,14,0,6,0,2,4,2367882,93665
345,346,35,2024-04-27 14:00:00+00:00,False,False,0,15,0,17,0,2,4,2367883,93666
346,347,35,2024-04-27 14:00:00+00:00,False,False,0,16,0,13,0,5,2,2367884,93667
347,348,35,2024-04-27 14:00:00+00:00,False,False,0,18,0,1,0,4,3,2367885,93668
348,349,35,2024-04-27 14:00:00+00:00,False,False,0,19,0,11,0,4,3,2367886,93669
349,350,35,2024-04-27 14:00:00+00:00,False,False,0,20,0,12,0,2,2,2367887,93670
350,351,36,2024-05-04 14:00:00+00:00,False,False,0,1,0,3,0,2,4,2367888,93671
351,352,36,2024-05-04 14:00:00+00:00,False,False,0,4,0,10,0,2,3,2367889,93672
352,353,36,2024-05-04 14:00:00+00:00,False,False,0,5,0,2,0,3,3,2367890,93673
353,354,36,2024-05-04 14:00:00+00:00,False,False,0,6,0,15,0,4,2,2367891,93674
354,355,36,2024-05-04 14:00:00+00:00,False,False,0,7,0,19,0,2,3,2367892,93675
355,356,36,2024-05-04 14:00:00+00:00,False,False,0,8,0,14,0,3,2,2367893,93676
356,357,36,2024-05-04 14:00:00+00:00,False,False,0,11,0,18,0,3,4,2367894,93677
357,358,36,2024-05-04 14:00:00+00:00,False,False,0,12,0,9,0,2,2,2367895,93678
358,359,36,2024-05-04 14:00:00+00:00,False,False,0,13,0,20,0,2,5,2367896,93679
359,360,36,2024-05-04 14:00:00+00:00,False,False,0,17,0,16,0,2,2,2367897,93680
360,361,37,2024-05-11 14:00:00+00:00,False,False,0,2,0,11,0,4,3,2367899,93681
361,362,37,2024-05-11 14:00:00+00:00,False,False,0,3,0,4,0,3,2,2367898,93682
362,363,37,2024-05-11 14:00:00+00:00,False,False,0,9,0,17,0,2,2,2367900,93683
363,364,37,2024-05-11 14:00:00+00:00,False,False,0,10,0,13,0,5,2,2367901,93684
364,365,37,2024-05-11 14:00:00+00:00,False,False,0,14,0,1,0,4,4,2367902,93685
365,366,37,2024-05-11 14:00:00+00:00,False,False,0,15,0,5,0,3,4,2367903,93686
366,367,37,2024-05-11 14:00:00+00:00,False,False,0,16,0,7,0,3,2,2367904,93687
367,368,37,2024-05-11 14:00:00+00:00,False,False,0,18,0,6,0,2,3,2367905,93688
368,369,37,2024-05-11 14:00:00+00:00,False,False,0,19,0,12,0,2,3,2367906,93689
369,370,37,2024-05-11 14:00:00+00:00,False,False,0,20,0,8,0,2,2,2367907,93690
370,371,38,2024-05-19 15:00:00+00:00,False,False,0,1,0,9,0,2,4,2367908,93691
371,372,38,2024-05-19 15:00:00+00:00,False,False,0,4,0,15,0,4,3,2367909,93692
372,373,38,2024-05-19 15:00:00+00:00,False,False,0,5,0,14,0,3,3,2367910,93693
373,374,38,2024-05-19 15:00:00+00:00,False,False,0,6,0,16,0,2,2,2367911,93694
374,375,38,2024-05-19 15:00:00+00:00,False,False,0,7,0,3,0,2,3,2367912,93695
375,376,38,2024-05-19 15:00:00+00:00,False,False,0,8,0,2,0,3,2,2367913,93696
376,377,38,2024-05-19 15:00:00+00:00,False,False,0,11,0,20,0,2,4,2367914,93697
377,378,38,2024-05-19 15:00:00+00:00,False,False,0,12,0,10,0,2,2,2367915,93698
378,379,38,2024-05-19 15:00:00+00:00,False,False,0,13,0,19,0,2,5,2367916,93699
379,380,38,2024-05-19 15:00:00+00:00,False,False,0,17,0,18,0,3,2,2367917,93700
