,player_id,first_name,last_name,team_id,player_type,minutes_played,form,form_rank,goals,assists,clean_sheets,goals_conceded,own_goals,penalties_saved,penalties_missed,yellow_cards,red_cards,player_influence,player_influence_rank,player_creativity,player_creativity_rank,player_threat,player_threat_rank,player_starts,player_news,news_date
0,1,Folarin,Balogun,1,4,0,0.0,546,0,0,0,0,0,0,0,0,0,0.0,584,0.0,577,0.0,565,0,Transferred to Monaco,2023-08-31 08:55:15.272751+00:00
1,2,Cédric,Alves Soares,1,2,0,0.0,383,0,0,0,0,0,0,0,0,0,0.0,447,0.0,430,0.0,405,0,,
2,3,Mohamed,Elneny,1,3,1,1.0,226,0,1,0,0,0,0,0,0,0,1.8,434,0.5,407,2.0,387,0,,2023-08-11 13:00:06.079379+00:00
3,4,Fábio,Ferreira Vieira,1,3,213,1.8,172,1,3,1,2,0,0,0,0,0,79.4,242,63.3,177,77.0,137,2,,2023-09-29 10:30:07.948136+00:00
4,5,Gabriel,dos Santos Magalhães,1,2,654,2.8,101,0,0,3,6,0,0,0,1,0,127.4,155,13.8,347,27.0,251,7,,2023-09-30 23:00:07.672676+00:00
5,6,Kai,Havertz,1,3,653,2.2,127,1,1,3,5,0,0,0,4,0,98.4,200,117.3,88,124.0,86,7,,
6,8,Gabriel,Fernando de Jesus,1,4,362,0.8,292,1,1,2,4,0,0,0,2,0,67.8,261,58.7,194,144.0,56,4,Hamstring injury - Expected back 02 Dec,2023-10-24 23:30:07.618920+00:00
7,9,Jorge Luiz,Frello Filho,1,3,291,1.5,194,0,0,1,5,0,0,0,1,0,39.6,311,48.9,212,9.0,342,3,,2023-08-07 15:30:05.168632+00:00
8,10,Jakub,Kiwior,1,2,181,1.5,179,0,0,1,2,0,0,0,0,0,29.4,341,6.4,369,16.0,297,2,,
9,11,Marcus,Oliveira Alencar,1,3,0,0.0,609,0,0,0,0,0,0,0,0,0,0.0,642,0.0,639,0.0,630,0,Season long loan to FC Nantes,2023-08-14 03:57:12.475590+00:00
10,12,Gabriel,Martinelli Silva,1,3,633,3.2,84,1,2,2,7,0,0,0,0,0,142.2,135,242.6,23,233.0,31,8,,2023-09-17 20:30:06.235303+00:00
11,13,Eddie,Nketiah,1,4,757,5.2,18,5,2,6,5,0,0,0,2,0,179.4,97,90.6,129,272.0,21,9,,
12,14,Martin,Ødegaard,1,3,789,1.2,220,3,2,4,7,0,0,0,1,0,217.4,54,239.2,26,197.0,38,9,Hip injury - 75% chance of playing,2023-11-04 21:00:08.152623+00:00
13,15,Thomas,Partey,1,3,250,0.2,361,0,0,1,2,0,0,0,0,0,55.8,279,60.0,188,15.0,308,3,Muscle injury - Unknown return date,2023-10-25 12:00:07.465521+00:00
14,16,Nicolas,Pépé,1,3,0,0.0,669,0,0,0,0,0,0,0,0,0,0.0,689,0.0,687,0.0,683,0,Permanent move to Trabzonspor,2023-09-11 14:13:51.462896+00:00
15,17,Aaron,Ramsdale,1,1,360,0.0,646,0,0,1,4,0,0,0,0,0,51.0,287,0.0,670,0.0,663,4,,
16,18,Rúnar Alex,Rúnarsson,1,1,0,0.0,420,0,0,0,0,0,0,0,0,0,0.0,480,0.0,467,0.0,443,0,Season long loan to Cardiff City,2023-08-20 06:33:02.960208+00:00
17,19,Bukayo,Saka,1,3,865,3.2,85,4,5,4,9,0,0,0,1,0,315.2,15,370.2,7,322.0,12,10,,2023-10-03 22:30:07.474324+00:00
18,20,William,Saliba,1,2,990,4.2,37,0,1,5,9,0,0,0,0,0,202.0,68,48.3,216,11.0,331,11,,2023-10-09 08:30:07.861646+00:00
19,22,Emile,Smith Rowe,1,3,104,1.8,169,0,1,1,0,0,0,0,0,0,33.8,325,17.2,325,41.0,207,1,Knee injury - Unknown return date,2023-11-02 11:00:07.493976+00:00
20,24,Kieran,Tierney,1,2,0,0.0,536,0,0,0,0,0,0,0,0,0,0.0,576,0.0,568,0.0,555,0,Season long loan to Real Sociedad,2023-08-29 07:46:59.686803+00:00
21,25,Takehiro,Tomiyasu,1,2,325,2.8,100,1,0,1,3,0,0,0,0,1,57.8,275,19.8,313,44.0,199,2,,2023-08-22 00:00:07.272418+00:00
22,26,Leandro,Trossard,1,3,220,2.2,124,2,0,1,2,0,0,0,0,0,101.2,191,98.7,117,74.0,143,2,,2023-10-09 08:30:07.911344+00:00
23,29,Benjamin,White,1,2,947,4.2,39,1,1,5,9,0,0,0,2,0,229.0,47,176.2,49,77.0,138,11,,
24,30,Granit,Xhaka,1,3,0,0.0,718,0,0,0,0,0,0,0,0,0,0.0,724,0.0,724,0.0,724,0,Transferred to Bayer Leverkusen,2023-07-11 08:41:07.159936+00:00
25,31,Oleksandr,Zinchenko,1,2,573,4.0,49,0,0,4,5,0,0,0,1,0,98.4,199,143.0,67,50.0,190,7,,
26,113,David,Raya Martin,1,1,630,4.0,47,0,0,4,5,0,0,0,0,0,85.8,227,0.0,677,0.0,670,7,,
27,540,Declan,Rice,1,3,933,5.0,25,2,1,5,8,0,0,0,0,0,254.8,32,137.0,73,96.0,110,11,,2023-09-24 22:30:08.321972+00:00
28,578,Reiss,Nelson,1,3,52,0.2,365,0,0,0,0,0,0,0,0,0,10.8,390,32.4,268,10.0,334,0,,2023-08-07 15:30:06.067296+00:00
29,585,Jurriën,Timber,1,2,49,0.0,642,0,0,0,0,0,0,0,1,0,3.6,425,2.4,388,0.0,661,1,Knee injury - Unknown return date,2023-08-12 18:00:07.121160+00:00
30,646,Karl,Hein,1,1,0,0.0,467,0,0,0,0,0,0,0,0,0,0.0,524,0.0,511,0.0,488,0,,
31,32,Alexandre,Moreno Lopera,2,2,0,0.0,681,0,0,0,0,0,0,0,0,0,0.0,700,0.0,696,0.0,693,0,Lack of match fitness - 50% chance of playing,2023-09-24 22:30:06.810510+00:00
32,34,Leon,Bailey,2,3,268,2.8,104,3,2,1,5,0,0,0,1,0,149.4,125,91.4,127,96.0,112,2,,2023-09-28 04:00:07.310756+00:00
33,35,Emiliano,Buendía Stati,2,3,0,0.0,713,0,0,0,0,0,0,0,0,0,0.0,721,0.0,721,0.0,721,0,Knee injury - Expected back 10 Feb,2023-08-10 11:00:05.686871+00:00
34,36,Matty,Cash,2,2,875,2.2,119,2,1,3,12,1,0,0,3,0,227.0,48,72.9,154,225.0,33,10,,
35,37,Calum,Chambers,2,2,0,0.0,387,0,0,0,0,0,0,0,0,0,0.0,451,0.0,435,0.0,410,0,,
36,38,Philippe,Coutinho Correia,2,3,24,0.0,714,0,0,0,1,0,0,0,0,0,4.0,423,2.8,386,12.0,325,0,Joined Al-Duhail on loan for the rest of the season,2023-08-20 22:00:05.790965+00:00
37,39,Keinan,Davis,2,4,0,0.0,673,0,0,0,0,0,0,0,0,0,0.0,692,0.0,690,0.0,686,0,Transferred to Udinese,2023-09-03 20:12:01.415986+00:00
38,40,Leander,Dendoncker,2,3,3,0.2,364,0,0,0,0,0,0,0,0,0,7.4,408,0.1,427,0.0,680,0,,2023-08-10 15:00:04.947940+00:00
39,41,Diego Carlos,Santos Silva,2,2,261,0.8,259,0,0,0,6,0,0,0,0,0,53.8,284,12.4,352,45.0,195,3,,2023-09-04 05:00:07.186249+00:00
40,42,Lucas,Digne,2,2,890,1.5,186,0,3,2,14,0,0,0,4,0,187.8,83,291.6,18,55.0,176,10,,
41,43,Douglas Luiz,Soares de Paulo,2,3,848,6.0,11,5,1,2,14,0,0,0,4,0,321.0,11,215.3,32,133.0,67,10,,
42,44,Jhon,Durán,2,4,68,0.0,693,2,0,0,0,0,0,0,2,0,72.6,252,14.2,343,55.0,177,0,Toe Injury - 50% chance of playing,2023-10-29 22:00:09.647546+00:00
43,45,Kortney,Hause,2,2,0,0.0,424,0,0,0,0,0,0,0,0,0,0.0,484,0.0,471,0.0,447,0,,
44,46,Tim,Iroegbunam,2,3,0,0.0,563,0,0,0,0,0,0,0,0,0,0.0,600,0.0,594,0.0,582,0,,2023-08-10 15:00:04.998490+00:00
45,47,Boubacar,Kamara,2,3,844,1.2,214,0,0,3,13,0,0,0,3,0,127.6,154,173.8,50,13.0,319,10,,2023-09-30 23:00:07.886006+00:00
46,48,Ezri,Konsa Ngoyo,2,2,900,2.5,107,0,1,2,14,0,0,0,1,0,184.6,87,34.9,261,85.0,121,10,,
47,49,Emiliano,Martínez Romero,2,1,810,1.5,189,0,0,2,13,1,0,0,2,0,202.4,66,0.0,683,0.0,678,9,,2023-08-25 14:00:08.378829+00:00
48,50,John,McGinn,2,3,837,3.5,71,2,2,2,12,0,0,0,2,0,169.8,107,209.1,34,113.0,95,10,,
49,51,Tyrone,Mings,2,2,30,0.0,493,0,0,0,2,0,0,0,0,0,3.6,424,13.0,349,5.0,367,1,Knee injury - Unknown return date,2023-08-12 21:30:06.077936+00:00
50,53,Robin,Olsen,2,1,90,0.0,418,0,0,0,1,0,0,0,0,0,12.0,384,0.0,465,0.0,441,1,,
51,54,Jaden,Philogene-Bidace,2,3,3,0.0,611,0,0,0,1,0,0,0,0,0,0.4,441,0.3,414,2.0,391,0,Transferred to Hull City,2023-09-02 08:48:12.680336+00:00
52,55,Jacob,Ramsey,2,3,48,0.0,717,1,0,0,0,0,0,0,0,0,43.8,298,1.6,396,28.0,246,0,Foot injury - Expected back 26 Nov,2023-10-04 15:30:08.354887+00:00
53,56,Morgan,Sanson,2,3,0,0.0,571,0,0,0,0,0,0,0,0,0,0.0,607,0.0,604,0.0,593,0,Joined OGC Nice on a season-long loan,2023-07-26 11:26:30.137805+00:00
54,57,Viljami,Sinisalo,2,1,0,0.0,449,0,0,0,0,0,0,0,0,0,0.0,508,0.0,495,0.0,471,0,Joined Exeter City on a season-long loan,2023-07-20 08:38:58.947431+00:00
55,58,Youri,Tielemans,2,3,160,1.5,198,0,1,0,4,0,0,0,0,0,39.2,313,37.6,254,12.0,324,0,,
56,59,Bertrand,Traoré,2,3,10,0.2,368,0,0,0,0,0,0,0,0,0,3.0,428,0.0,698,0.0,695,0,,2023-09-01 15:29:59.576149+00:00
57,60,Ollie,Watkins,2,4,860,4.5,35,5,8,2,14,0,0,0,0,0,312.2,17,220.8,31,429.0,4,10,,
58,61,Wesley,Moraes Ferreira da Silva,2,4,0,0.0,690,0,0,0,0,0,0,0,0,0,0.0,706,0.0,704,0.0,701,0,Permanent transfer to Stoke,2023-07-31 07:08:09.572672+00:00
59,584,Pau,Torres,2,2,869,3.5,64,1,0,2,12,0,0,0,0,0,169.6,108,54.2,201,54.0,180,9,,
60,599,Moussa,Diaby,2,3,793,4.2,42,3,5,2,13,0,0,0,0,0,208.2,61,223.0,28,251.0,28,10,,2023-09-30 23:00:09.545623+00:00
61,618,Omari,Kellyman,2,3,0,0.0,637,0,0,0,0,0,0,0,0,0,0.0,665,0.0,662,0.0,654,0,,
62,670,Filip,Marschall,2,1,0,0.0,465,0,0,0,0,0,0,0,0,0,0.0,522,0.0,509,0.0,486,0,,
63,672,Nicolò,Zaniolo,2,3,376,0.8,288,0,0,1,3,0,0,0,2,0,30.4,336,70.1,165,169.0,49,5,,
64,686,Oliwier,Zych,2,1,0,0.0,483,0,0,0,0,0,0,0,0,0,0.0,539,0.0,525,0.0,503,0,On loan to Puszcza Niepolomice,2023-09-11 14:12:20.141802+00:00
65,699,Clément,Lenglet,2,2,0,0.0,575,0,0,0,0,0,0,0,0,0,0.0,610,0.0,607,0.0,596,0,,
66,62,Jaidon,Anthony,3,3,151,0.0,677,0,0,0,5,0,0,0,1,0,9.0,400,4.6,377,16.0,302,2,Season-long loan to Leeds United,2023-09-03 20:09:06.556250+00:00
67,63,Philip,Billing,3,3,931,4.2,36,1,1,1,24,0,0,0,2,0,193.8,81,162.7,55,138.0,64,11,,2023-10-10 12:00:08.143954+00:00
68,64,David,Brooks,3,3,223,0.5,322,1,0,0,3,0,0,0,1,0,61.8,266,82.0,142,83.0,127,2,,
69,65,Ryan,Christie,3,3,782,1.5,190,0,1,1,22,0,0,0,0,0,103.8,186,153.0,61,114.0,93,10,,2023-08-06 23:30:05.398527+00:00
70,66,Lewis,Cook,3,3,524,0.0,684,0,0,1,15,0,0,0,0,1,76.6,244,62.3,181,18.0,286,6,,2023-10-21 17:30:07.277985+00:00
71,67,Siriki,Dembélé,3,3,0,0.0,589,0,0,0,0,0,0,0,0,0,0.0,623,0.0,620,0.0,610,0,Permanent Transfer to Birmingham,2023-07-17 06:20:36.127600+00:00
72,68,Ryan,Fredericks,3,2,0,0.0,523,0,0,0,0,0,0,0,0,0,0.0,565,0.0,557,0.0,543,0,Calf injury - Unknown return date,2023-08-06 23:30:05.414382+00:00
73,69,James,Hill,3,2,15,0.0,468,0,0,0,0,0,0,0,0,0,0.0,525,1.8,393,0.0,489,0,Season-long loan to Blackburn Rovers,2023-09-01 14:44:09.529285+00:00
74,70,Lloyd,Kelly,3,2,546,0.5,311,0,0,1,14,0,0,0,1,0,100.8,193,39.3,247,6.0,358,6,,2023-09-25 14:30:07.504064+00:00
75,71,Gavin,Kilkenny,3,3,0,0.0,556,0,0,0,0,0,0,0,0,0,0.0,594,0.0,587,0.0,575,0,,
76,72,Justin,Kluivert,3,3,339,0.2,355,0,0,0,8,0,0,0,0,0,26.8,348,53.7,202,58.0,168,4,,
77,73,Jamal,Lowe,3,3,0,0.0,664,0,0,0,0,0,0,0,0,0,0.0,686,0.0,684,0.0,679,0,Season-long loan to  Swansea City,2023-09-02 08:49:08.357551+00:00
78,74,Emiliano,Marcondes,3,3,0,0.0,529,0,0,0,0,0,0,0,0,0,0.0,571,0.0,563,0.0,550,0,Foot injury - Unknown return date,2023-08-18 11:59:59.501058+00:00
79,75,Chris,Mepham,3,2,168,0.5,301,0,0,0,5,0,0,0,1,0,34.2,322,12.2,353,21.0,270,2,,2023-09-26 18:00:07.515397+00:00
80,76,Kieffer,Moore,3,4,83,0.5,314,0,0,0,1,0,0,0,0,0,3.0,427,17.2,324,45.0,196,0,,
81,77,Norberto,Murara Neto,3,1,810,0.8,269,0,0,1,20,0,1,0,3,0,312.0,18,0.0,600,0.0,589,9,Ankle injury - Expected back 25 Nov,2023-10-27 13:30:07.907911+00:00
82,78,Dango,Ouattara,3,3,212,0.5,320,0,0,1,5,0,0,0,1,0,31.4,330,44.7,230,65.0,155,2,,2023-08-12 21:30:06.219128+00:00
83,79,Ben,Pearson,3,3,0,0.0,573,0,0,0,0,0,0,0,0,0,0.0,609,0.0,606,0.0,595,0,Permanent transfer to Stoke City,2023-07-11 08:58:20.803049+00:00
84,80,Darren,Randolph,3,1,0,0.0,411,0,0,0,0,0,0,0,0,0,0.0,473,0.0,458,0.0,434,0,Illness - 25% chance of playing,2023-10-28 18:00:07.926322+00:00
85,81,Joe,Rothwell,3,3,357,1.0,240,0,0,0,11,0,0,0,0,0,41.6,306,61.7,183,5.0,371,3,,
86,82,Antoine,Semenyo,3,4,341,2.5,108,2,1,0,11,0,0,0,1,0,93.6,221,47.9,219,138.0,62,4,,2023-08-06 23:30:05.439700+00:00
87,83,Marcos,Senesi,3,2,485,0.5,300,0,1,0,17,0,0,0,1,0,134.2,146,30.0,275,2.0,385,5,,
88,84,Adam,Smith,3,2,97,0.5,304,0,0,0,4,0,0,0,0,0,18.0,371,24.5,300,2.0,386,1,,2023-08-06 23:30:05.454428+00:00
89,85,Dominic,Solanke,3,4,978,3.0,97,4,1,1,25,0,0,0,1,0,195.6,78,116.5,89,354.0,6,11,,2023-09-28 03:30:08.465399+00:00
90,86,Marcus,Tavernier,3,3,527,2.0,147,0,1,1,15,0,0,0,0,0,97.4,202,100.8,113,84.0,124,7,,2023-07-26 15:30:04.076941+00:00
91,87,Hamed,Traorè,3,3,44,0.0,647,0,0,0,1,0,0,0,0,0,12.8,382,14.8,338,30.0,238,0,,
92,88,Mark,Travers,3,1,0,0.0,441,0,0,0,0,0,0,0,0,0,0.0,501,0.0,488,0.0,464,0,On loan to Stoke City for the season,2023-07-28 08:25:34.409705+00:00
93,89,Illia,Zabarnyi,3,2,990,0.5,312,0,0,1,27,0,0,0,2,0,193.0,82,9.1,363,16.0,300,11,,
94,595,Milos,Kerkez,3,2,853,0.8,268,0,0,1,24,1,0,0,1,0,117.6,173,64.9,175,20.0,275,10,,
95,607,Ionuț,Radu,3,1,180,0.5,306,0,0,0,7,0,0,0,0,0,34.0,323,0.0,572,0.0,560,2,,
96,619,Ben,Greenwood,3,2,0,0.0,471,0,0,0,0,0,0,0,0,0,0.0,528,0.0,514,0.0,492,0,,
97,643,Max,Aarons,3,2,882,1.5,183,0,1,1,24,0,0,0,1,0,139.0,138,93.9,122,20.0,276,10,,
98,644,Alex,Scott,3,3,189,0.8,283,0,0,0,5,0,0,0,1,0,16.6,374,17.8,321,10.0,335,3,Knee injury - 75% chance of playing,2023-11-04 19:30:09.474630+00:00
99,673,Tyler,Adams,3,3,0,0.0,670,0,0,0,0,0,0,0,0,0,0.0,690,0.0,688,0.0,684,0,Hamstring injury - Unknown return date,2023-10-05 08:30:09.546767+00:00
100,705,Luis,Sinisterra,3,3,99,1.8,173,1,0,0,4,0,0,0,0,0,54.0,283,34.9,262,31.0,236,0,,
101,90,Kristoffer,Ajer,4,2,543,3.2,76,0,1,2,9,0,0,0,2,0,97.0,205,72.5,157,96.0,108,6,,2023-09-18 13:00:07.747658+00:00
102,91,Ellery,Balcombe,4,1,0,0.0,446,0,0,0,0,0,0,0,0,0,0.0,505,0.0,492,0.0,468,0,,
103,92,Shandon,Baptiste,4,3,18,0.0,510,0,0,0,0,0,0,0,0,0,2.2,432,0.0,548,0.0,531,0,Lack of match fitness - 25% chance of playing,2023-08-25 15:00:07.144362+00:00
104,93,Mads,Bech Sørensen,4,2,0,0.0,440,0,0,0,0,0,0,0,0,0,0.0,500,0.0,487,0.0,463,0,Transferred to Midtjylland,2023-09-01 21:46:46.639465+00:00
105,94,Mads,Bidstrup,4,3,0,0.0,610,0,0,0,0,0,0,0,0,0,0.0,643,0.0,640,0.0,631,0,Transfer to Red Bull Salzburg on a permanent basis,2023-07-19 08:50:35.624414+00:00
106,95,Sergi,Canós Tenés,4,3,0,0.0,688,0,0,0,0,0,0,0,0,0,0.0,705,0.0,703,0.0,700,0,Permanent transfer to Valencia,2023-08-21 08:27:40.363072+00:00
107,96,Nathan,Collins,4,2,909,5.5,15,1,1,3,12,0,0,0,2,0,242.2,38,36.8,258,78.0,134,10,,
108,97,Matthew,Cox,4,1,0,0.0,479,0,0,0,0,0,0,0,0,0,0.0,535,0.0,521,0.0,499,0,On loan to Bristol Rovers for the season,2023-07-26 11:24:14.392215+00:00
109,98,Mikkel,Damsgaard,4,3,52,0.0,659,0,0,0,0,0,0,0,0,0,10.4,392,3.3,382,17.0,295,0,Knee injury - Expected back 25 Nov,2023-08-26 21:00:07.451858+00:00
110,99,Josh,Dasilva,4,3,9,0.0,644,0,0,0,0,0,0,0,0,0,0.0,672,0.0,669,2.0,396,0,Hamstring injury - Expected back 25 Nov,2023-08-19 18:00:06.573457+00:00
111,100,Halil,Dervişoğlu,4,4,0,0.0,593,0,0,0,0,0,0,0,0,0,0.0,627,0.0,624,0.0,615,0,Transfer to Galatasaray on a permanent basis,2023-07-19 08:49:49.674290+00:00
112,101,Mark,Flekken,4,1,855,3.0,87,0,0,3,12,0,0,0,1,0,181.8,90,0.0,603,0.0,592,10,Dead leg - 75% chance of playing,2023-11-04 19:30:07.833796+00:00
113,102,Charlie,Goode,4,2,0,0.0,397,0,0,0,0,0,0,0,0,0,0.0,460,0.0,445,0.0,420,0,,
114,103,Rico,Henry,4,2,401,0.0,537,0,1,1,5,0,0,0,1,0,72.8,250,67.9,169,17.0,292,5,Knee injury - Expected back 01 Jun,2023-09-16 20:00:07.015382+00:00
115,104,Aaron,Hickey,4,2,713,1.5,185,0,0,2,12,0,0,0,5,0,66.6,262,28.4,281,37.0,221,9,Hamstring injury - Expected back 20 Jan,2023-11-04 19:30:07.875275+00:00
116,105,Vitaly,Janelt,4,3,884,2.2,120,0,1,4,9,0,0,0,2,0,110.4,179,160.3,57,103.0,101,11,,
117,106,Mathias,Jensen,4,3,834,5.0,26,3,3,5,11,0,0,0,2,0,250.4,36,293.4,17,80.0,132,11,,2023-08-13 21:30:06.166245+00:00
118,107,Keane,Lewis-Potter,4,3,218,0.0,658,0,0,0,5,0,0,0,0,0,15.2,377,21.8,307,58.0,169,2,Calf injury - Expected back 25 Nov,2023-10-07 21:30:07.954328+00:00
119,108,Bryan,Mbeumo,4,3,990,8.5,2,6,3,3,14,0,0,0,1,0,321.0,12,302.6,14,360.0,5,11,,2023-08-06 23:30:05.510200+00:00
120,109,Ben,Mee,4,2,152,0.2,358,0,0,0,3,0,0,0,0,0,30.6,334,10.9,358,4.0,378,2,,2023-09-18 13:00:07.822926+00:00
121,110,Christian,Nørgaard,4,3,940,2.0,148,1,1,3,14,0,0,0,3,0,194.6,79,149.3,63,157.0,52,11,,
122,111,Frank,Onyeka,4,3,323,2.0,142,0,1,1,8,0,0,0,3,0,80.2,240,99.3,115,77.0,136,2,,2023-08-06 23:30:05.525477+00:00
123,112,Ethan,Pinnock,4,2,990,6.0,10,1,0,3,14,0,0,0,0,0,290.6,20,40.4,245,106.0,99,11,,2023-10-12 09:30:09.253578+00:00
124,114,Mads,Roerslev Rasmussen,4,2,344,2.2,118,0,0,1,4,0,0,0,0,0,83.8,233,83.8,138,10.0,333,3,,
125,115,Kevin,Schade,4,3,255,0.0,705,1,1,1,2,0,0,0,0,0,48.2,291,42.0,236,62.0,161,3,Muscle injury - Unknown return date,2023-09-23 22:00:07.161600+00:00
126,116,Thomas,Strakosha,4,1,135,1.0,222,0,0,0,2,0,0,0,0,0,43.0,301,0.0,439,0.0,414,1,,2023-08-26 21:00:07.515720+00:00
127,117,Ivan,Toney,4,4,0,0.0,728,0,0,0,0,0,0,0,0,0,0.0,731,0.0,731,0.0,731,0,Suspended until 20 Jan,2023-07-05 16:30:03.752728+00:00
128,118,Ryan,Trevitt,4,3,0,0.0,639,0,0,0,0,0,0,0,0,0,0.0,668,0.0,664,0.0,657,0,Season long loan to Exeter,2023-08-14 03:58:13.701084+00:00
129,119,Yoane,Wissa,4,4,921,4.2,41,3,2,4,12,0,0,0,1,0,181.0,92,121.7,83,316.0,14,11,,
130,120,Yegor,Yarmolyuk,4,3,40,0.8,267,0,0,0,0,0,0,0,0,0,4.8,418,1.8,394,27.0,249,0,,
131,121,Mathias,Jorgensen,4,2,6,0.0,496,0,0,0,0,0,0,0,0,0,9.8,394,17.1,326,0.0,517,0,,
132,258,Neal,Maupay,4,4,354,4.0,48,1,2,2,6,0,0,0,2,0,94.6,217,68.6,168,227.0,32,3,,2023-09-22 16:30:08.030737+00:00
133,620,Michael,Olakigbe,4,3,12,0.2,352,0,0,0,0,0,0,0,0,0,0.6,439,1.9,391,20.0,277,0,,
134,684,Ethan,Brierley,4,3,0,0.0,620,0,0,0,0,0,0,0,0,0,0.0,652,0.0,648,0.0,640,0,,
135,701,Saman,Ghoddos,4,3,58,1.8,158,1,0,0,2,0,0,0,3,0,46.8,294,47.7,222,8.0,347,0,,
136,725,Ji-Soo,Kim,4,2,0,0.0,490,0,0,0,0,0,0,0,0,0,0.0,546,0.0,532,0.0,510,0,,
137,733,Valintino,Adedokun,4,2,0,0.0,484,0,0,0,0,0,0,0,0,0,0.0,540,0.0,526,0.0,504,0,,
138,122,Simon,Adingra,5,3,573,3.2,78,2,1,0,13,0,0,0,0,0,140.6,137,94.6,121,138.0,63,6,,
139,123,Steven,Alzate,5,3,0,0.0,547,0,0,0,0,0,0,0,0,0,0.0,585,0.0,578,0.0,566,0,Season long loan to Standard Liège,2023-09-08 08:19:00.187945+00:00
140,124,Yasin,Ayari,5,3,0,0.0,622,0,0,0,0,0,0,0,0,0,0.0,654,0.0,650,0.0,642,0,Season-long loan to Coventry City,2023-08-23 08:37:48.427770+00:00
141,125,Facundo,Buonanotte,5,3,75,0.5,316,0,0,0,1,0,0,0,0,0,8.8,401,15.4,332,15.0,307,1,,
142,127,Aaron,Connolly,5,4,0,0.0,587,0,0,0,0,0,0,0,0,0,0.0,621,0.0,618,0.0,608,0,Permanent move to Hull City,2023-08-04 09:39:43.029546+00:00
143,128,Mahmoud,Dahoud,5,3,336,0.8,275,0,1,1,4,0,0,0,1,0,68.6,257,107.3,105,13.0,318,4,,
144,129,Lewis,Dunk,5,2,990,3.0,93,1,0,0,20,0,0,0,3,0,253.0,33,60.5,187,129.0,78,11,,2023-09-22 14:00:07.541007+00:00
145,130,Julio,Enciso,5,3,68,0.0,697,0,2,0,1,0,0,0,1,0,39.0,314,25.0,299,30.0,241,1,Knee injury - Unknown return date,2023-08-23 21:00:05.704925+00:00
146,131,Pervis,Estupiñán,5,2,495,0.0,689,1,3,0,10,1,0,0,2,0,162.8,116,177.9,46,110.0,96,6,Muscle injury - Unknown return date,2023-10-04 18:30:08.271676+00:00
147,132,Evan,Ferguson,5,4,577,3.2,83,5,0,1,13,0,0,0,0,0,198.2,73,59.9,189,218.0,34,7,,2023-09-28 04:00:07.613334+00:00
148,133,Billy,Gilmour,5,3,544,0.8,281,0,3,1,12,0,0,0,2,0,97.2,203,179.9,45,30.0,240,6,,
149,134,Pascal,Groß,5,3,798,3.0,96,2,1,1,12,0,0,0,1,0,221.8,52,310.1,11,133.0,69,9,,2023-09-22 14:00:07.601244+00:00
150,135,João Pedro,Junqueira de Jesus,5,4,533,1.5,195,2,1,1,11,0,0,0,1,0,146.8,128,173.8,51,192.0,40,4,,
151,136,Michał,Karbownik,5,2,0,0.0,457,0,0,0,0,0,0,0,0,0,0.0,514,0.0,501,0.0,478,0,Permanent transfer to Hertha BSC,2023-08-09 08:35:32.699094+00:00
152,137,Kacper,Kozłowski,5,3,0,0.0,612,0,0,0,0,0,0,0,0,0,0.0,644,0.0,641,0.0,632,0,Joined vitesse on a season long loan,2023-07-20 08:40:22.941077+00:00
153,138,Adam,Lallana,5,3,214,0.5,321,0,0,1,3,0,0,0,1,0,20.2,363,72.5,158,20.0,278,3,,2023-09-29 14:00:08.638239+00:00
154,139,Tariq,Lamptey,5,2,137,0.0,442,0,2,0,5,0,0,0,2,0,43.4,299,25.6,292,7.0,351,1,,2023-10-11 09:00:08.316457+00:00
155,140,Solly,March,5,3,555,2.0,151,3,1,2,11,0,0,0,1,0,197.4,76,126.5,80,139.0,61,7,Knee injury - Unknown return date,2023-10-21 17:30:07.514105+00:00
156,141,Tom,McGill,5,1,0,0.0,396,0,0,0,0,0,0,0,0,0,0.0,459,0.0,444,0.0,419,0,,
157,142,James,Milner,5,3,350,0.8,273,0,0,1,7,0,0,0,2,0,45.4,296,58.9,191,2.0,398,5,,2023-09-22 14:00:07.621312+00:00
158,143,Kaoru,Mitoma,5,3,935,3.0,98,3,4,0,19,0,0,0,3,0,233.4,46,249.2,21,346.0,8,10,,2023-10-11 09:00:08.348049+00:00
159,144,Jakub,Moder,5,3,0,0.0,550,0,0,0,0,0,0,0,0,0,0.0,588,0.0,581,0.0,569,0,Lack of match fitness - 25% chance of playing,2023-10-20 15:30:08.340971+00:00
160,146,Jeremy,Sarmiento Morante,5,3,0,0.0,595,0,0,0,0,0,0,0,0,0,0.0,629,0.0,626,0.0,617,0,Joined West Bromwich Albion on a season-long loan,2023-07-26 11:28:45.117167+00:00
161,147,Kjell,Scherpen,5,1,0,0.0,447,0,0,0,0,0,0,0,0,0,0.0,506,0.0,493,0.0,469,0,Joined Sturm Graz on a season-long loan,2023-07-06 16:30:02.985300+00:00
162,148,Jason,Steele,5,1,540,1.2,203,0,0,0,12,0,0,0,0,0,179.6,96,0.1,421,0.0,518,6,,
163,149,Deniz,Undav,5,4,0,0.0,712,0,0,0,0,0,0,0,0,0,0.0,720,0.0,720,0.0,719,0,Season long loan to Stuttgart,2023-08-04 09:40:56.708875+00:00
164,150,Jan Paul,van Hecke,5,2,388,1.2,202,0,0,0,4,0,0,0,1,0,133.8,147,9.0,364,17.0,290,4,,
165,151,Joël,Veltman,5,2,666,1.2,204,0,1,0,14,0,0,0,1,0,137.8,139,48.0,218,36.0,224,6,,
166,152,Bart,Verbruggen,5,1,450,1.5,182,0,0,0,8,0,0,0,0,0,121.4,166,0.0,593,0.0,581,5,,
167,153,Adam,Webster,5,2,450,0.5,297,0,0,0,12,0,0,0,1,0,99.8,195,21.8,306,15.0,305,5,,2023-08-11 13:30:06.362659+00:00
168,154,Danny,Welbeck,5,4,407,0.5,335,1,0,2,7,0,0,0,1,0,61.0,269,71.6,160,86.0,118,7,Muscle injury - Unknown return date,2023-10-21 17:30:07.549301+00:00
169,155,Andi,Zeqiri,5,4,0,0.0,540,0,0,0,0,0,0,0,0,0,0.0,578,0.0,570,0.0,558,0,Permanent transfer to Genk,2023-09-06 09:25:40.755182+00:00
170,606,Igor Julio,dos Santos de Paulo,5,2,243,1.0,225,0,0,0,5,0,0,0,1,0,37.0,317,25.7,291,5.0,368,3,,2023-10-09 08:30:09.354344+00:00
171,621,Jack,Hinshelwood,5,3,85,0.0,633,0,0,0,5,0,0,0,0,0,6.2,413,22.8,301,2.0,392,1,,
172,690,Carlos,Baleba,5,3,245,1.2,208,0,0,0,6,0,0,0,1,0,38.6,315,15.9,331,14.0,314,3,,
173,700,Anssumane,Fati Vieira,5,3,196,2.5,115,2,0,0,5,0,0,0,1,0,84.8,230,31.3,271,132.0,75,0,,
174,156,Enock,Agyei,6,3,0,0.0,516,0,0,0,0,0,0,0,0,0,0.0,559,0.0,551,0.0,535,0,,
175,157,Ameen,Al-Dakhil,6,2,855,0.0,478,0,0,0,22,1,0,0,1,0,119.0,169,29.6,278,34.0,227,10,,2023-10-18 22:00:08.810786+00:00
176,158,Samuel,Bastien,6,3,0,0.0,667,0,0,0,0,0,0,0,0,0,0.0,687,0.0,685,0.0,681,0,Has joined Kasimpasa S.K. on loan,2023-09-18 10:36:05.969054+00:00
177,159,Manuel Benson,Hedilazio,6,3,65,0.0,699,0,0,0,3,0,0,0,0,0,6.0,414,4.3,378,22.0,267,1,Knock - 25% chance of playing,2023-09-27 09:00:08.265496+00:00
178,160,Jordan,Beyer,6,2,588,0.5,295,0,0,0,13,0,0,0,3,0,146.4,130,5.9,372,4.0,374,7,,2023-10-07 21:00:07.723066+00:00
179,161,Josh,Brownhill,6,3,695,1.8,160,1,0,0,17,0,0,0,1,0,123.0,163,177.8,47,71.0,146,7,,
180,162,Darko,Churlinov,6,3,0,0.0,553,0,0,0,0,0,0,0,0,0,0.0,591,0.0,584,0.0,572,0,,2023-08-31 18:00:07.313510+00:00
181,163,Jack,Cork,6,3,16,0.0,650,0,0,0,0,0,0,0,0,0,1.8,435,0.9,399,2.0,399,0,,
182,164,Dara,Costelloe,6,3,0,0.0,629,0,0,0,0,0,0,0,0,0,0.0,660,0.0,656,0.0,648,0,Season long loan to St Johnstone,2023-08-17 06:12:47.501520+00:00
183,165,Josh,Cullen,6,3,839,0.5,328,0,1,0,22,0,0,0,5,0,126.6,158,109.9,98,18.0,287,10,,2023-10-28 19:30:08.472702+00:00
184,166,CJ,Egan-Riley,6,2,0,0.0,400,0,0,0,0,0,0,0,0,0,0.0,463,0.0,448,0.0,424,0,,
185,167,Hjalmar,Ekdal,6,2,0,0.0,404,0,0,0,0,0,0,0,0,0,0.0,466,0.0,451,0.0,427,0,Knee injury - Expected back 25 Nov,2023-08-31 02:00:07.493185+00:00
186,168,Lyle,Foster,6,4,609,1.8,167,3,2,1,19,0,0,0,0,1,168.2,109,79.5,145,130.0,77,7,Illness - 25% chance of playing,2023-10-28 20:00:07.456915+00:00
187,169,Denis,Franchi,6,1,0,0.0,405,0,0,0,0,0,0,0,0,0,0.0,467,0.0,452,0.0,428,0,,
188,170,Jóhann Berg,Gudmundsson,6,3,341,1.0,239,0,1,0,7,0,0,0,1,0,55.8,278,158.3,58,21.0,273,5,,2023-09-25 13:00:08.033849+00:00
189,171,Luke,McNally,6,2,0,0.0,475,0,0,0,0,0,0,0,0,0,0.0,532,0.0,518,0.0,496,0,Season long loan to Stoke City,2023-08-04 09:35:51.951556+00:00
190,172,Arijanet,Muric,6,1,0,0.0,509,0,0,0,0,0,0,0,0,0,0.0,557,0.0,547,0.0,530,0,,
191,173,Dara,O'Shea,6,2,585,1.8,155,0,1,0,21,0,0,0,0,0,185.2,86,44.1,232,34.0,228,6,,
192,174,Michael,Obafemi,6,4,0,0.0,672,0,0,0,0,0,0,0,0,0,0.0,691,0.0,689,0.0,685,0,Lack of match fitness - 25% chance of playing,2023-08-06 23:30:05.563053+00:00
193,175,Bailey,Peacock-Farrell,6,1,0,0.0,439,0,0,0,0,0,0,0,0,0,0.0,499,0.0,486,0.0,462,0,Joined Aarhus on loan,2023-07-26 11:25:50.410533+00:00
194,176,Connor,Roberts,6,2,733,-0.5,731,0,1,0,21,0,0,0,2,1,125.0,160,92.7,125,8.0,345,8,,2023-10-21 17:30:07.665681+00:00
195,177,Jay,Rodriguez,6,4,203,0.8,285,0,0,0,5,0,0,0,0,0,12.6,383,17.1,327,68.0,151,1,,
196,178,Charlie,Taylor,6,2,720,2.0,129,1,0,0,16,0,0,0,3,0,135.8,141,57.3,196,23.0,261,8,,
197,179,Bobby,Thomas,6,2,0,0.0,462,0,0,0,0,0,0,0,0,0,0.0,519,0.0,506,0.0,483,0,Permanent transfer to Coventry,2023-07-24 09:55:44.165399+00:00
198,180,Scott,Twine,6,3,0,0.0,674,0,0,0,0,0,0,0,0,0,0.0,693,0.0,691,0.0,687,0,Season long loan to Hull,2023-08-21 08:28:24.720790+00:00
199,181,Lawrence,Vigouroux,6,1,0,0.0,425,0,0,0,0,0,0,0,0,0,0.0,485,0.0,472,0.0,448,0,,
200,182,Victor,da Silva,6,2,332,0.8,266,0,0,0,9,0,0,0,0,0,24.4,354,38.4,252,9.0,339,4,,2023-08-31 02:00:07.534376+00:00
201,183,Wout,Weghorst,6,4,0,0.0,709,0,0,0,0,0,0,0,0,0,0.0,717,0.0,717,0.0,715,0,On loan to Hoffenheim,2023-08-10 13:52:51.426276+00:00
202,184,Anass,Zaroury,6,3,126,0.5,319,0,0,0,2,0,0,0,0,1,1.8,436,31.4,270,19.0,281,1,,2023-08-12 08:00:06.224285+00:00
203,475,Sander,Berge,6,3,697,1.5,188,0,1,0,20,0,0,0,2,0,99.8,196,92.5,126,66.0,153,8,,
204,594,Zeki,Amdouni,6,4,661,1.2,218,1,0,1,15,0,0,0,1,0,95.8,211,63.2,178,178.0,44,10,,
205,596,James,Trafford,6,1,990,1.5,184,0,0,0,27,0,0,0,1,0,333.2,8,0.1,423,0.0,614,11,,
206,600,Nathan,Redmond,6,3,88,0.8,274,0,0,0,4,0,0,0,0,0,14.0,380,28.9,280,8.0,348,0,,2023-09-28 17:00:09.620680+00:00
207,605,Luca,Koleosho,6,3,703,1.5,193,0,1,1,20,0,0,0,0,0,55.8,280,130.5,78,139.0,60,9,,
208,608,Jacob,Bruun Larsen,6,3,172,1.0,244,1,0,0,5,0,0,0,0,0,53.4,286,40.9,241,78.0,135,0,,
209,622,Owen,Dodgson,6,2,0,0.0,464,0,0,0,0,0,0,0,0,0,0.0,521,0.0,508,0.0,485,0,Season-long loan to Barnsley,2023-09-01 21:48:22.703139+00:00
210,660,Wilson,Odobert,6,3,158,2.0,146,1,0,0,7,0,0,0,1,0,55.6,281,35.2,260,62.0,160,2,,
211,674,Hannes,Delcroix,6,2,239,0.2,339,0,0,0,11,0,0,0,1,0,44.4,297,25.2,295,42.0,202,2,,
212,675,Aaron,Ramsey,6,3,208,0.2,371,0,0,0,5,0,0,0,0,0,22.4,359,19.3,316,18.0,289,2,Knock - 25% chance of playing,2023-11-03 12:00:10.115104+00:00
213,694,Han-Noah,Massengo,6,3,0,0.0,692,0,0,0,0,0,0,0,0,0,0.0,708,0.0,706,0.0,703,0,,
214,706,Mike,Trésor,6,3,222,1.5,197,0,0,0,6,0,0,0,0,0,14.4,378,55.0,199,19.0,283,2,,
215,126,Moisés,Caicedo Corozo,7,3,623,1.0,238,0,0,2,7,0,0,0,2,0,97.0,206,71.5,161,16.0,301,7,,2023-10-03 22:30:07.822883+00:00
216,145,Robert,Sánchez,7,1,900,1.2,209,0,0,3,11,0,0,0,1,0,221.6,53,0.1,425,0.0,660,10,,
217,185,Ethan,Ampadu,7,2,0,0.0,434,0,0,0,0,0,0,0,0,0,0.0,494,0.0,481,0.0,457,0,Permanent transfer to Leeds Utd,2023-07-20 08:39:43.633400+00:00
218,187,Kepa,Arrizabalaga,7,1,0,0.0,682,0,0,0,0,0,0,0,0,0,0.0,701,0.0,697,0.0,694,0,One year loan deal to Real Madrid,2023-08-15 08:06:29.726491+00:00
219,188,Pierre-Emerick,Aubameyang,7,4,0,0.0,722,0,0,0,0,0,0,0,0,0,0.0,727,0.0,727,0.0,727,0,,2023-07-24 09:59:36.133419+00:00
220,189,César,Azpilicueta,7,2,0,0.0,568,0,0,0,0,0,0,0,0,0,0.0,604,0.0,597,0.0,586,0,Left the club as a free agent,2023-07-06 16:30:03.010661+00:00
221,190,Abdul Rahman,Baba,7,2,0,0.0,421,0,0,0,0,0,0,0,0,0,0.0,481,0.0,468,0.0,444,0,Permanent Transfer to PAOK,2023-07-13 08:07:47.494096+00:00
222,191,Benoît,Badiashile,7,2,0,0.0,549,0,0,0,0,0,0,0,0,0,0.0,587,0.0,580,0.0,568,0,,2023-08-03 10:30:04.564668+00:00
223,192,Marcus,Bettinelli,7,1,0,0.0,423,0,0,0,0,0,0,0,0,0,0.0,483,0.0,470,0.0,446,0,,2023-08-03 10:30:04.581002+00:00
224,193,Armando,Broja,7,4,120,0.2,367,1,0,1,1,0,0,0,0,0,38.4,316,6.1,370,47.0,192,2,Knee injury - 75% chance of playing,2023-10-18 22:00:08.965956+00:00
225,194,Trevoh,Chalobah,7,2,0,0.0,504,0,0,0,0,0,0,0,0,0,0.0,553,0.0,543,0.0,525,0,Hamstring injury - Unknown return date,2023-08-11 16:00:07.662192+00:00
226,195,Ben,Chilwell,7,2,334,0.0,707,0,1,1,5,0,0,0,3,0,57.0,277,136.4,74,88.0,115,4,Hamstring injury - Unknown return date,2023-09-28 03:30:08.842279+00:00
227,196,Carney,Chukwuemeka,7,3,125,0.0,512,1,0,0,2,0,0,0,2,0,34.8,321,25.1,297,39.0,211,2,Knee injury - Unknown return date,2023-10-18 22:00:09.030876+00:00
228,197,Levi,Colwill,7,2,889,1.0,237,0,1,3,11,0,0,0,0,0,178.2,98,66.1,174,99.0,105,10,,
229,198,Marc,Cucurella Saseta,7,2,350,0.8,276,0,0,1,4,0,0,0,3,0,72.4,253,38.9,250,30.0,239,4,,2023-09-17 20:30:06.589342+00:00
230,199,Enzo,Fernández,7,3,777,0.8,278,0,0,4,8,0,0,1,3,0,135.8,144,248.4,22,133.0,66,9,,2023-10-28 18:00:08.281338+00:00
231,200,David Datro,Fofana,7,4,0,0.0,695,0,0,0,0,0,0,0,0,0,0.0,710,0.0,708,0.0,705,0,Joined Union Berlin on a season-long loan - Expected back 01 Jul,2023-07-11 09:30:03.546600+00:00
232,201,Wesley,Fofana,7,2,0,0.0,557,0,0,0,0,0,0,0,0,0,0.0,595,0.0,588,0.0,576,0,Knee injury - Unknown return date,2023-07-18 23:30:03.865981+00:00
233,202,Conor,Gallagher,7,3,855,3.2,79,0,2,3,10,0,0,0,1,0,184.0,88,200.4,38,96.0,111,10,,
234,203,Malo,Gusto,7,2,499,0.2,341,0,2,2,6,0,0,0,0,1,96.2,209,69.4,166,28.0,244,6,,2023-09-24 16:30:06.897822+00:00
235,206,Reece,James,7,2,104,0.5,332,0,0,0,3,0,0,0,0,0,20.2,364,53.3,204,16.0,303,1,,2023-10-20 15:30:08.557342+00:00
236,207,Romelu,Lukaku Bolingoli,7,4,0,0.0,724,0,0,0,0,0,0,0,0,0,0.0,728,0.0,728,0.0,728,0,Season-long loan to Roma,2023-09-01 07:24:35.377267+00:00
237,208,Noni,Madueke,7,3,116,0.8,286,0,0,0,3,0,0,0,0,0,9.2,399,36.9,257,40.0,210,1,,2023-09-17 20:30:06.633877+00:00
238,210,Mykhailo,Mudryk,7,3,306,3.8,60,2,1,3,2,0,0,0,1,0,97.2,204,81.7,143,81.0,131,4,Muscle injury - 75% chance of playing,2023-10-28 18:00:08.330038+00:00
239,211,Nicolas,Jackson,7,4,668,2.2,125,2,0,3,9,0,0,0,5,0,127.4,156,115.1,90,295.0,18,7,,2023-10-11 10:30:08.636447+00:00
240,212,Christopher,Nkunku,7,4,0,0.0,725,0,0,0,0,0,0,0,0,0,0.0,729,0.0,729,0.0,729,0,Knee injury - Expected back 25 Nov,2023-08-03 09:30:04.720287+00:00
241,213,Christian,Pulisic,7,3,0,0.0,710,0,0,0,0,0,0,0,0,0,0.0,718,0.0,718,0.0,717,0,Permanent transfer to AC Milan,2023-07-14 08:03:53.480692+00:00
242,214,Malang,Sarr,7,2,0,0.0,507,0,0,0,0,0,0,0,0,0,0.0,555,0.0,545,0.0,528,0,,
243,215,Gabriel,Słonina,7,1,0,0.0,469,0,0,0,0,0,0,0,0,0,0.0,526,0.0,512,0.0,490,0,Season long loan to KAS Eupen,2023-08-11 10:44:59.272960+00:00
244,216,Raheem,Sterling,7,3,810,5.0,28,3,3,2,10,0,0,0,2,0,171.6,104,202.4,36,342.0,9,9,,
245,217,Thiago,Emiliano da Silva,7,2,900,0.5,326,0,0,3,11,0,0,0,2,0,240.2,41,61.4,184,41.0,206,10,,
246,218,Hakim,Ziyech,7,3,0,0.0,706,0,0,0,0,0,0,0,0,0,0.0,714,0.0,714,0.0,711,0,Season long loan to Galatasaray,2023-08-21 08:29:13.470637+00:00
247,362,Cole,Palmer,7,3,422,5.0,24,2,2,1,5,0,0,0,2,0,129.0,153,177.0,48,129.0,79,4,,2023-10-08 10:00:09.839092+00:00
248,589,Ângelo Gabriel,Borges Damaceno,7,3,0,0.0,694,0,0,0,0,0,0,0,0,0,0.0,709,0.0,707,0.0,704,0,Season long loan to Strasbourg until the end of the season,2023-08-10 13:51:38.491138+00:00
249,609,Ian,Maatsen,7,3,107,0.5,330,0,0,0,1,0,0,0,1,0,19.0,368,41.0,240,19.0,282,0,,
250,611,Axel,Disasi,7,2,786,1.0,249,1,0,3,8,0,0,0,2,0,176.4,101,48.5,215,74.0,142,9,,2023-10-10 12:00:09.181007+00:00
251,613,Lesley,Ugochukwu,7,3,141,0.2,348,0,0,1,2,0,0,0,0,0,25.4,351,19.1,317,2.0,389,1,,
252,623,Mason,Burstow,7,4,8,0.0,634,0,0,0,1,0,0,0,0,0,0.4,442,0.6,405,2.0,393,0,Season-long loan to Sunderland,2023-09-01 21:50:53.219365+00:00
253,659,Lucas,Bergström,7,1,0,0.0,474,0,0,0,0,0,0,0,0,0,0.0,531,0.0,517,0.0,495,0,,
254,667,Roméo,Lavia,7,3,0,0.0,678,0,0,0,0,0,0,0,0,0,0.0,697,0.0,693,0.0,690,0,Ankle injury - Unknown return date,2023-08-24 14:00:07.676377+00:00
255,671,Bashir,Humphreys,7,2,0,0.0,463,0,0,0,0,0,0,0,0,0,0.0,520,0.0,507,0.0,484,0,Season-long loan to Swansea City,2023-09-03 20:06:46.325160+00:00
256,677,Deivid Washington,de Souza Eugênio,7,4,9,0.2,354,0,0,0,1,0,0,0,0,0,0.0,670,0.1,424,4.0,377,0,,
257,680,Eddie,Beach,7,1,0,0.0,472,0,0,0,0,0,0,0,0,0,0.0,529,0.0,515,0.0,493,0,,
258,681,Diego Manuel Jadon,da Silva Moreira,7,3,0,0.0,617,0,0,0,0,0,0,0,0,0,0.0,649,0.0,645,0.0,637,0,Season-long loan to Lyon,2023-09-03 20:11:21.942763+00:00
259,687,Djordje,Petrovic,7,1,0,0.0,600,0,0,0,0,0,0,0,0,0,0.0,634,0.0,631,0.0,622,0,,
260,716,Alfie,Gilchrist,7,2,0,0.0,481,0,0,0,0,0,0,0,0,0,0.0,537,0.0,523,0.0,501,0,,
261,717,Ronnie,Stutter,7,4,0,0.0,627,0,0,0,0,0,0,0,0,0,0.0,658,0.0,654,0.0,646,0,,
262,718,Alex,Matos,7,3,1,0.0,628,0,0,0,0,0,0,0,0,0,0.0,659,0.0,655,0.0,647,0,,
263,723,Josh,Brooking,7,2,0,0.0,450,0,0,0,0,0,0,0,0,0,0.0,509,0.0,496,0.0,472,0,,
264,7,Rob,Holding,8,2,0,0.0,502,0,0,0,0,0,0,0,0,0,0.0,551,0.0,541,0.0,522,0,,
265,219,Naouirou,Ahamada,8,3,76,0.5,302,0,0,0,2,0,0,0,0,0,8.0,406,4.6,376,0.0,532,0,,2023-09-22 13:30:07.934644+00:00
266,220,Joachim,Andersen,8,2,990,3.5,67,2,1,5,13,0,0,0,2,0,351.0,4,139.6,69,128.0,80,11,,
267,221,Jordan,Ayew,8,3,924,4.0,51,1,3,5,10,0,0,0,4,0,181.8,91,144.0,66,205.0,37,11,,2023-09-16 20:00:07.282243+00:00
268,222,Nathaniel,Clyne,8,2,130,2.0,130,0,0,1,0,0,0,0,0,0,10.4,391,3.6,379,6.0,355,1,,
269,223,Cheick,Doucouré,8,3,867,1.2,215,0,0,3,12,0,0,0,2,0,155.6,122,112.2,95,36.0,225,10,,2023-10-06 23:00:08.561317+00:00
270,224,Malcolm,Ebiowei,8,3,0,0.0,597,0,0,0,0,0,0,0,0,0,0.0,631,0.0,628,0.0,619,0,,2023-08-17 14:00:07.032627+00:00
271,225,Odsonne,Edouard,8,4,861,1.5,196,4,0,4,10,0,0,0,2,0,200.2,70,108.5,103,322.0,11,10,,2023-09-24 18:00:07.480397+00:00
272,226,Eberechi,Eze,8,3,659,1.0,252,1,2,3,7,0,0,0,1,0,157.2,121,294.3,16,184.0,41,7,,2023-10-04 08:30:08.801501+00:00
273,227,Vicente,Guaita,8,1,0,0.0,519,0,0,0,0,0,0,0,0,0,0.0,561,0.0,553,0.0,538,0,Signed for Celta Vigo,2023-09-02 08:56:40.331253+00:00
274,228,Marc,Guéhi,8,2,900,3.8,55,0,0,5,10,0,0,0,1,0,210.4,60,33.9,265,23.0,263,10,,2023-09-13 15:30:08.533559+00:00
275,229,Will,Hughes,8,3,589,2.5,110,0,0,4,10,0,0,0,2,0,112.2,177,132.6,76,25.0,259,7,,2023-08-06 23:30:05.660088+00:00
276,230,Sam,Johnstone,8,1,990,5.0,21,0,0,5,13,0,0,0,0,0,203.8,62,0.0,666,0.0,659,11,,
277,231,Jefferson,Lerma Solís,8,3,614,1.5,187,0,0,2,10,0,0,0,1,0,85.4,228,94.8,120,56.0,173,7,,2023-09-15 15:30:07.837506+00:00
278,232,Jean-Philippe,Mateta,8,4,374,1.0,246,0,3,2,7,0,0,0,1,0,72.6,251,70.8,163,58.0,170,3,,
279,233,Remi,Matthews,8,1,0,0.0,427,0,0,0,0,0,0,0,0,0,0.0,487,0.0,474,0.0,450,0,,
280,234,Tyrick,Mitchell,8,2,969,5.2,17,1,1,5,13,0,0,0,2,0,212.6,58,108.8,102,42.0,203,11,,2023-10-28 08:30:08.353664+00:00
281,235,Jake,O'Brien,8,2,0,0.0,480,0,0,0,0,0,0,0,0,0,0.0,536,0.0,522,0.0,500,0,Permanent transfer to Lyon,2023-08-17 06:14:22.523517+00:00
282,236,Michael,Olise,8,3,0,0.0,716,0,0,0,0,0,0,0,0,0,0.0,723,0.0,723,0.0,723,0,Lack of match fitness - Expected back 11 Nov,2023-07-05 16:30:03.780925+00:00
283,237,Luke,Plange,8,4,0,0.0,598,0,0,0,0,0,0,0,0,0,0.0,632,0.0,629,0.0,620,0,"Half season loan to Carlisle United, expected back in January",2023-08-02 07:30:53.481421+00:00
284,238,Chris,Richards,8,2,111,0.5,294,0,0,0,3,0,0,0,0,0,21.8,360,0.3,411,0.0,423,1,,
285,239,Jairo,Riedewald,8,3,86,0.8,261,0,0,1,0,0,0,0,0,0,8.4,404,3.3,381,6.0,356,1,,2023-09-27 09:00:08.517252+00:00
286,240,Jeffrey,Schlupp,8,3,692,2.8,102,1,0,4,7,0,0,0,0,0,110.0,180,114.7,91,126.0,81,10,,2023-10-07 21:00:07.840898+00:00
287,241,James,Tomkins,8,2,1,0.0,412,0,0,0,0,0,0,0,0,0,0.2,443,0.0,459,0.0,435,0,Calf injury - Expected back 11 Nov,2023-10-20 15:30:08.713409+00:00
288,242,Joel,Ward,8,2,871,1.2,205,0,0,4,13,1,0,0,3,0,120.0,167,20.2,310,21.0,272,10,,2023-10-06 23:00:08.664937+00:00
289,243,Joe,Whitworth,8,1,0,0.0,477,0,0,0,0,0,0,0,0,0,0.0,534,0.0,520,0.0,498,0,,
290,385,Dean,Henderson,8,1,0,0.0,576,0,0,0,0,0,0,0,0,0,0.0,611,0.0,608,0.0,597,0,Thigh injury - Unknown return date,2023-09-27 09:00:08.768948+00:00
291,615,Matheus,França de Oliveira,8,3,31,0.5,325,0,0,0,0,0,0,0,0,0,4.6,419,49.1,211,5.0,372,0,,2023-08-08 11:00:07.451047+00:00
292,657,Jesurun,Rak-Sakyi,8,3,132,1.2,207,0,0,1,3,0,0,0,0,0,23.2,356,28.2,282,58.0,167,0,Hamstring injury - Unknown return date,2023-11-04 19:30:09.517669+00:00
293,658,John-Kymani,Gordon,8,4,0,0.0,601,0,0,0,0,0,0,0,0,0,0.0,635,0.0,632,0.0,623,0,Season-long loan to Cambridge United,2023-09-01 14:48:20.031299+00:00
294,720,Ademola,Ola-Adebomi,8,4,0,0.0,631,0,0,0,0,0,0,0,0,0,0.0,662,0.0,659,0.0,651,0,,
295,721,David,Ozoh,8,3,3,0.2,353,0,0,0,0,0,0,0,0,0,2.4,430,0.0,658,0.0,650,0,,
296,724,Jadan,Raymond,8,3,0,0.0,608,0,0,0,0,0,0,0,0,0,0.0,641,0.0,638,0.0,629,0,,
297,244,André,Tavares Gomes,9,3,0,0.0,528,0,0,0,0,0,0,0,0,0,0.0,570,0.0,562,0.0,549,0,Calf injury - Unknown return date,2023-09-28 17:00:09.015970+00:00
298,245,Jarrad,Branthwaite,9,2,810,4.0,45,0,0,2,10,0,0,0,4,0,180.2,94,29.5,279,38.0,215,9,,2023-09-06 18:00:07.032251+00:00
299,246,Dominic,Calvert-Lewin,9,4,497,3.8,59,3,0,3,6,0,0,0,0,0,118.0,172,47.8,221,173.0,46,6,,2023-08-20 22:00:06.298153+00:00
300,247,Seamus,Coleman,9,2,0,0.0,521,0,0,0,0,0,0,0,0,0,0.0,563,0.0,555,0.0,541,0,Lack of match fitness - Expected back 11 Nov,2023-08-06 23:30:05.699825+00:00
301,248,Dele,Alli,9,3,0,0.0,655,0,0,0,0,0,0,0,0,0,0.0,678,0.0,676,0.0,669,0,Hip injury - Unknown return date,2023-08-06 23:30:05.714102+00:00
302,249,Abdoulaye,Doucouré,9,3,948,3.5,70,3,1,2,15,0,0,0,2,0,202.6,64,215.0,33,348.0,7,11,,
303,250,James,Garner,9,3,886,3.8,57,1,1,2,14,0,0,0,1,0,172.2,103,201.1,37,82.0,129,10,,
304,251,Jean-Philippe,Gbamin,9,3,0,0.0,531,0,0,0,0,0,0,0,0,0,0.0,573,0.0,565,0.0,552,0,Contract cancelled,2023-09-02 08:58:34.528089+00:00
305,252,Ben,Godfrey,9,2,1,0.0,505,0,0,0,0,0,0,0,0,0,0.0,554,0.0,544,0.0,526,0,,
306,253,Demarai,Gray,9,3,0,0.0,702,0,0,0,0,0,0,0,0,0,0.0,712,0.0,712,0.0,709,0,Permanent transfer to Al-Ettifaq,2023-09-08 08:19:32.417883+00:00
307,254,Idrissa,Gueye,9,3,630,0.2,359,0,0,0,11,0,0,0,2,0,74.8,245,83.6,139,25.0,258,8,,2023-10-07 21:00:07.886561+00:00
308,255,Mason,Holgate,9,2,0,0.0,429,0,0,0,0,0,0,0,0,0,0.0,489,0.0,476,0.0,452,0,Season-long loan to Southampton,2023-08-28 07:56:52.861113+00:00
309,257,Michael,Keane,9,2,226,0.0,497,0,0,0,7,0,0,0,1,0,35.6,320,2.6,387,40.0,208,2,,
310,259,Dwight,McNeil,9,3,590,2.2,121,0,1,2,5,0,0,0,0,0,117.6,174,221.8,30,80.0,133,7,,2023-08-31 22:00:07.122581+00:00
311,260,Vitalii,Mykolenko,9,2,627,6.8,4,1,0,2,6,0,0,0,0,0,177.2,100,67.1,173,85.0,119,7,,2023-09-28 17:00:09.051270+00:00
312,261,Amadou,Onana,9,3,875,2.0,141,0,0,2,13,0,0,0,0,0,98.4,198,121.0,84,132.0,70,10,Calf injury - 75% chance of playing,2023-11-04 19:30:08.350109+00:00
313,262,Nathan,Patterson,9,2,523,2.0,133,0,1,1,10,0,0,0,1,0,112.0,178,82.4,141,22.0,265,5,,
314,263,Jordan,Pickford,9,1,990,4.5,33,0,0,2,15,1,0,0,2,0,217.0,55,40.0,246,0.0,546,11,,
315,264,Ellis,Simms,9,4,0,0.0,582,0,0,0,0,0,0,0,0,0,0.0,616,0.0,613,0.0,603,0,Transferred to Coventry City,2023-07-11 08:42:12.779256+00:00
316,265,James,Tarkowski,9,2,990,3.5,62,1,1,2,15,0,0,0,2,0,265.8,26,91.2,128,123.0,87,11,,2023-08-06 23:30:05.744451+00:00
317,266,João,Neves Virgínia,9,1,0,0.0,399,0,0,0,0,0,0,0,0,0,0.0,462,0.0,447,0.0,422,0,,
318,579,Andy,Lonergan,9,1,0,0.0,408,0,0,0,0,0,0,0,0,0,0.0,470,0.0,455,0.0,431,0,,
319,588,Ashley,Young,9,2,828,0.5,303,0,0,1,15,1,0,0,3,1,92.0,222,156.4,59,13.0,315,10,,2023-10-21 15:00:09.319402+00:00
320,601,Arnaut,Danjuma Groeneveld,9,3,369,0.2,377,1,0,0,8,0,0,0,0,0,59.2,273,41.4,238,172.0,48,3,,2023-08-06 23:30:06.216908+00:00
321,624,Lewis,Dobbin,9,3,117,0.0,603,0,0,1,2,0,0,0,0,0,13.2,381,13.0,350,25.0,257,1,,
322,645,Youssef,Ramalho Chermiti,9,4,30,0.8,282,0,0,0,2,0,0,0,1,0,0.0,696,1.7,395,9.0,341,0,,2023-09-08 16:30:08.112251+00:00
323,649,Thomas,Cannon,9,4,1,0.0,602,0,0,0,0,0,0,0,0,0,0.0,636,0.0,633,0.0,624,0,Transferred to Leicester City,2023-09-02 08:53:38.905296+00:00
324,650,Tyler,Onyango,9,3,1,0.0,604,0,0,0,0,0,0,0,0,0,0.0,637,0.0,634,0.0,625,0,,
325,661,Jack,Harrison,9,3,347,5.8,14,1,2,2,1,0,0,0,0,0,100.8,194,56.3,197,54.0,182,4,,2023-08-24 14:00:07.654796+00:00
326,691,Norberto Bercique,Gomes Betuncal,9,4,284,0.8,290,0,0,1,5,0,0,0,0,0,24.8,353,63.1,179,84.0,125,3,,
327,719,Mackenzie,Hunt,9,3,0,0.0,596,0,0,0,0,0,0,0,0,0,0.0,630,0.0,627,0.0,618,0,,
328,256,Alex,Iwobi,10,3,520,1.8,170,0,0,1,6,0,0,0,1,0,69.0,256,149.5,62,97.0,107,5,,2023-08-20 22:00:06.353174+00:00
329,267,Andreas,Hoelgebaum Pereira,10,3,706,2.5,113,1,2,4,11,0,0,0,2,0,109.0,182,279.7,20,98.0,106,9,,2023-08-26 21:00:07.967178+00:00
330,268,Tom,Cairney,10,3,165,1.8,162,0,1,0,3,0,0,0,0,0,18.2,370,46.0,225,27.0,252,2,,2023-08-31 02:00:07.930156+00:00
331,269,Ivan,Neves Abreu Cavaleiro,10,3,0,0.0,685,0,0,0,0,0,0,0,0,0,0.0,703,0.0,701,0.0,698,0,Permanent transfer to Lille,2023-08-11 10:50:27.703881+00:00
332,270,Bobby,De Cordova-Reid,10,3,563,3.2,80,2,1,1,13,0,0,0,1,0,101.8,188,53.2,205,132.0,71,7,,
333,271,Issa,Diop,10,2,700,0.5,310,0,0,3,13,0,0,0,2,0,145.4,132,16.4,329,25.0,256,8,Foot injury - Unknown return date,2023-10-07 21:00:07.899289+00:00
334,272,Tyrese,Francois,10,3,0,0.0,555,0,0,0,0,0,0,0,0,0,0.0,593,0.0,586,0.0,574,0,,
335,273,Anthony,Knockaert,10,3,0,0.0,525,0,0,0,0,0,0,0,0,0,0.0,567,0.0,559,0.0,545,0,Season-long loan to Huddersfield Town,2023-09-03 20:13:44.073237+00:00
336,274,Terence,Kongolo,10,2,0,0.0,416,0,0,0,0,0,0,0,0,0,0.0,477,0.0,463,0.0,439,0,Season-long loan to Rapid Vienna,2023-09-03 20:04:54.860410+00:00
337,275,Bernd,Leno,10,1,990,2.5,109,0,0,3,17,0,0,0,0,0,348.8,5,0.0,667,0.0,662,11,,
338,276,Saša,Lukić,10,3,351,1.0,227,0,0,1,7,0,0,0,1,0,40.4,310,35.2,259,27.0,248,4,,2023-08-31 17:30:07.839749+00:00
339,277,Kevin,Mbabu,10,2,0,0.0,422,0,0,0,0,0,0,0,0,0,0.0,482,0.0,469,0.0,445,0,Season-long loan to Augsburg,2023-09-03 20:05:44.450227+00:00
340,278,Aleksandar,Mitrović,10,4,32,0.0,726,0,0,0,0,0,0,0,0,0,6.4,412,0.3,419,26.0,255,0,Permanent transfer to Al-Hilal,2023-08-18 14:00:10.226716+00:00
341,279,Rodrigo,Muniz Carvalho,10,4,132,0.8,264,0,0,1,2,0,0,0,1,0,9.8,395,33.5,266,52.0,186,1,Knee injury - 75% chance of playing,2023-11-04 15:30:08.544057+00:00
342,280,João,Palhinha Gonçalves,10,3,734,3.5,66,2,0,2,10,0,0,0,4,0,222.6,50,44.7,231,83.0,128,8,,2023-08-06 23:30:05.777889+00:00
343,281,Tim,Ream,10,2,873,1.8,156,1,0,3,15,0,0,0,1,1,186.8,85,13.4,348,43.0,200,10,,2023-08-19 18:00:06.900913+00:00
344,282,Harrison,Reed,10,3,567,0.8,272,0,1,3,11,0,0,0,1,0,79.4,241,117.3,87,12.0,321,7,,2023-08-31 02:00:07.951724+00:00
345,283,Antonee,Robinson,10,2,900,0.8,260,0,0,2,17,1,0,0,3,0,159.8,119,107.8,104,22.0,264,10,,2023-09-16 20:00:07.420575+00:00
346,284,Marek,Rodák,10,1,0,0.0,391,0,0,0,0,0,0,0,1,0,0.0,455,0.0,440,0.0,415,0,,
347,285,Kenny,Tete,10,2,427,0.0,533,0,0,2,8,0,0,0,2,0,68.0,260,45.8,227,13.0,316,5,Lack of match fitness - 75% chance of playing,2023-09-23 22:00:07.732576+00:00
348,286,Tosin,Adarabioyo,10,2,1,0.0,499,0,0,0,0,0,0,0,0,0,12.0,385,0.0,539,0.0,520,0,Lack of match fitness - 75% chance of playing,2023-09-15 16:00:07.700688+00:00
349,287,Carlos Vinícius,Alves Morais,10,4,212,1.0,242,1,0,0,3,0,0,0,0,0,46.6,295,46.9,223,83.0,126,2,,
350,288,Harry,Wilson,10,3,635,1.8,168,0,1,3,10,0,0,0,2,0,63.8,264,134.0,75,84.0,123,7,,
351,558,Raúl,Jiménez,10,4,606,0.5,329,0,0,2,13,0,0,0,2,0,42.4,304,72.6,155,126.0,83,8,,
352,591,Willian,Borges da Silva,10,3,694,4.2,38,1,1,3,8,0,0,0,1,0,108.4,183,194.2,41,147.0,55,8,,2023-08-24 23:00:07.286162+00:00
353,610,Calvin,Bassey,10,2,395,1.5,181,0,0,0,7,0,0,0,0,1,73.8,247,3.4,380,9.0,338,4,,2023-09-28 03:30:10.178064+00:00
354,625,Luc,De Fougerolles,10,2,0,0.0,487,0,0,0,0,0,0,0,0,0,0.0,543,0.0,529,0.0,507,0,,
355,651,Jay,Stansfield,10,4,0,0.0,615,0,0,0,0,0,0,0,0,0,0.0,647,0.0,643,0.0,635,0,Season-long loan to Birmingham City,2023-08-28 08:00:28.514721+00:00
356,652,Matthew,Dibley-Dias,10,3,0,0.0,625,0,0,0,0,0,0,0,0,0,0.0,657,0.0,653,0.0,645,0,Hamstring injury - 75% chance of playing,2023-10-13 09:30:09.800778+00:00
357,662,Adama,Traoré,10,3,32,0.0,666,0,0,0,3,0,0,0,0,0,5.2,416,0.4,410,21.0,274,0,Lack of match fitness - 75% chance of playing,2023-09-22 12:00:09.389013+00:00
358,683,Luke,Harris,10,3,74,0.0,626,0,0,0,5,0,0,0,0,0,3.2,426,0.7,403,17.0,294,0,,
359,688,Timothy,Castagne,10,2,647,1.8,157,0,0,2,8,0,0,0,1,0,95.4,213,75.0,151,53.0,183,7,,
360,692,Steven,Benda,10,1,0,0.0,451,0,0,0,0,0,0,0,0,0,0.0,510,0.0,497,0.0,473,0,,
361,707,Fodé,Ballo-Touré,10,2,0,0.0,584,0,0,0,0,0,0,0,0,0,0.0,618,0.0,615,0.0,605,0,,
362,732,Devan,Tanton,10,2,0,0.0,476,0,0,0,0,0,0,0,0,0,0.0,533,0.0,519,0.0,497,0,,
363,289,Adrián,San Miguel del Castillo,11,1,0,0.0,414,0,0,0,0,0,0,0,0,0,0.0,475,0.0,461,0.0,437,0,,
364,290,Trent,Alexander-Arnold,11,2,599,3.0,99,0,1,3,6,0,0,0,3,0,110.0,181,198.8,39,62.0,162,7,,2023-09-04 05:00:07.856635+00:00
365,291,Alisson,Ramses Becker,11,1,900,4.0,53,0,0,3,9,0,0,0,1,0,261.4,30,10.1,361,0.0,720,10,,
366,292,Stefan,Bajcetic,11,3,0,0.0,648,0,0,0,0,0,0,0,0,0,0.0,673,0.0,671,0.0,664,0,Calf injury - Unknown return date,2023-09-29 10:30:08.978098+00:00
367,293,Darwin,Núñez Ribeiro,11,4,416,4.8,32,4,5,2,3,0,0,0,1,0,201.2,69,72.2,159,272.0,22,4,,
368,294,Diogo,Teixeira da Silva,11,3,431,2.2,128,3,2,1,4,0,0,0,1,1,132.4,148,106.4,107,270.0,23,5,,2023-09-30 23:00:08.714780+00:00
369,295,Harvey,Elliott,11,3,223,0.8,277,0,1,0,1,0,0,0,1,0,20.6,361,47.9,220,37.0,222,1,,
370,296,Fabio Henrique,Tavares,11,3,0,0.0,683,0,0,0,0,0,0,0,0,0,0.0,702,0.0,699,0.0,696,0,Permanent Transfer to Al-Ittihad,2023-08-01 09:50:49.848998+00:00
371,297,Cody,Gakpo,11,4,350,0.2,380,2,0,0,5,0,0,0,0,0,94.4,218,48.2,217,132.0,76,5,,2023-10-01 02:00:08.267715+00:00
372,298,Joe,Gomez,11,2,433,0.5,309,0,0,1,3,0,0,0,1,0,83.8,234,72.5,156,24.0,260,4,,
373,299,Jordan,Henderson,11,3,0,0.0,679,0,0,0,0,0,0,0,0,0,0.0,698,0.0,694,0.0,691,0,Permanent transfer to Al-Ettifaq,2023-07-28 08:28:45.116062+00:00
374,300,Curtis,Jones,11,3,278,0.0,671,0,0,1,4,0,0,0,1,1,34.0,324,17.6,322,20.0,280,4,,2023-09-30 23:00:08.738337+00:00
375,301,Caoimhin,Kelleher,11,1,0,0.0,395,0,0,0,0,0,0,0,0,0,0.0,458,0.0,443,0.0,418,0,,
376,302,Ibrahima,Konaté,11,2,377,3.0,89,0,0,2,4,0,0,0,1,0,95.4,214,31.5,269,6.0,364,4,,2023-08-25 09:30:07.183386+00:00
377,303,Luis,Díaz,11,3,624,2.0,153,2,1,2,7,0,0,0,0,0,95.0,216,114.3,93,179.0,43,8,,
378,304,Alexis,Mac Allister,11,3,790,1.8,174,0,1,3,8,0,0,0,4,1,137.8,140,137.3,72,16.0,304,10,,2023-08-19 18:00:06.968162+00:00
379,305,Joel,Matip,11,2,531,0.8,279,0,0,1,6,1,0,0,0,0,118.2,171,19.9,311,20.0,279,6,,
380,306,Nathaniel,Phillips,11,2,0,0.0,432,0,0,0,0,0,0,0,0,0,0.0,492,0.0,479,0.0,455,0,Loaned to Celtic - expected back January,2023-09-01 07:23:15.190757+00:00
381,307,Andrew,Robertson,11,2,720,0.2,379,1,0,1,9,0,0,0,1,0,196.2,77,284.3,19,46.0,194,8,Shoulder injury - Expected back 21 Jan,2023-10-13 09:30:09.199189+00:00
382,308,Mohamed,Salah,11,3,864,9.8,1,8,4,3,8,0,0,1,1,0,401.8,2,295.3,15,438.0,2,10,,
383,309,Dominik,Szoboszlai,11,3,900,4.8,30,1,4,3,9,0,0,0,1,0,212.4,59,371.0,6,120.0,92,10,,
384,310,Thiago,Alcántara do Nascimento,11,3,0,0.0,652,0,0,0,0,0,0,0,0,0,0.0,676,0.0,674,0.0,667,0,Hip injury - Expected back 01 Jan,2023-08-25 09:30:07.201442+00:00
385,311,Konstantinos,Tsimikas,11,2,155,3.0,88,0,0,2,0,0,0,0,0,0,19.4,367,45.9,226,6.0,360,2,,
386,312,Sepp,van den Berg,11,2,0,0.0,458,0,0,0,0,0,0,0,0,0,0.0,515,0.0,502,0.0,479,0,Season long loan to Mainz 05,2023-07-17 06:21:35.145355+00:00
387,313,Virgil,van Dijk,11,2,657,4.0,54,0,2,2,8,0,0,0,1,1,238.6,42,70.3,164,55.0,178,8,,2023-09-08 16:30:07.707555+00:00
388,626,Jarell,Quansah,11,2,114,0.0,456,0,0,0,1,0,0,0,0,0,29.6,339,2.1,389,0.0,477,1,,
389,627,Bobby,Clark,11,3,0,0.0,619,0,0,0,0,0,0,0,0,0,0.0,651,0.0,647,0.0,639,0,,
390,628,Ben,Doak,11,3,13,0.0,566,0,0,0,0,0,0,0,0,0,0.2,444,0.8,400,0.0,584,0,Muscle injury - Unknown return date,2023-10-18 22:00:10.476427+00:00
391,629,James,McConnell,11,3,0,0.0,618,0,0,0,0,0,0,0,0,0,0.0,650,0.0,646,0.0,638,0,,
392,668,Wataru,Endo,11,3,116,0.2,375,0,0,0,2,0,0,0,0,0,15.8,375,2.9,384,0.0,712,1,,
393,708,Ryan,Gravenberch,11,3,188,1.2,216,0,0,1,2,0,0,0,0,0,30.0,337,19.8,314,56.0,174,2,,
394,726,Luke,Chambers,11,2,0,0.0,466,0,0,0,0,0,0,0,0,0,0.0,523,0.0,510,0.0,487,0,,
395,728,Callum,Scanlon,11,2,0,0.0,485,0,0,0,0,0,0,0,0,0,0.0,541,0.0,527,0.0,505,0,,
396,21,Albert,Sambi Lokonga,12,3,130,0.0,676,0,0,0,2,0,0,0,0,0,4.2,421,13.9,346,11.0,330,2,Hamstring injury - Expected back 25 Nov,2023-09-27 09:00:08.013871+00:00
397,52,Marvelous,Nakamba,12,3,885,1.5,180,0,0,0,20,0,0,0,3,0,121.8,164,99.8,114,14.0,312,10,,
398,314,Elijah,Adebayo,12,4,360,2.0,140,2,0,0,7,0,0,0,0,0,85.2,229,67.7,171,100.0,104,4,,
399,315,Mads Juel,Andersen,12,2,371,0.2,338,1,0,0,6,0,0,0,1,0,113.2,176,1.8,392,27.0,247,4,Hamstring injury - Unknown return date,2023-10-07 21:00:07.970294+00:00
400,316,Amari'i,Bell,12,2,560,0.0,393,0,0,0,12,0,0,0,0,0,104.4,185,16.8,328,33.0,231,7,Hamstring injury - Expected back 11 Nov,2023-10-03 22:30:08.429028+00:00
401,317,Luke,Berry,12,3,26,0.2,356,0,0,0,1,0,0,0,0,0,0.0,671,0.0,668,2.0,395,0,Calf injury - Expected back 25 Nov,2023-11-04 03:00:08.936884+00:00
402,318,Reece,Burke,12,2,595,0.8,256,0,1,0,12,0,0,0,1,0,131.2,150,73.8,152,51.0,188,7,Hamstring injury - Expected back 02 Dec,2023-10-22 23:30:07.909991+00:00
403,319,Allan,Campbell,12,3,0,0.0,668,0,0,0,0,0,0,0,0,0,0.0,688,0.0,686,0.0,682,0,Season-long loan to Millwall,2023-09-01 15:34:04.323217+00:00
404,320,Jordan,Clark,12,3,0,0.0,654,0,0,0,0,0,0,0,0,0,0.0,677,0.0,675,0.0,668,0,Ankle injury - Expected back 25 Nov,2023-08-06 23:30:05.803333+00:00
405,321,Alfie,Doughty,12,2,640,0.8,265,0,1,0,15,0,0,0,1,0,124.4,161,337.1,9,59.0,165,7,,2023-09-02 17:00:07.683278+00:00
406,322,Luke,Freeman,12,3,0,0.0,661,0,0,0,0,0,0,0,0,0,0.0,683,0.0,680,0.0,675,0,Released,2023-08-25 08:38:56.197815+00:00
407,323,Matt,Macey,12,1,0,0.0,419,0,0,0,0,0,0,0,0,0,0.0,479,0.0,466,0.0,442,0,Released from contract,2023-09-03 20:04:04.658822+00:00
408,324,John,McAtee,12,4,0,0.0,592,0,0,0,0,0,0,0,0,0,0.0,626,0.0,623,0.0,613,0,Season-long loan to Barnsley,2023-08-28 08:17:07.837499+00:00
409,325,Carlos,Mendes Gomes,12,3,0,0.0,599,0,0,0,0,0,0,0,0,0,0.0,633,0.0,630,0.0,621,0,Permanent transfer to Bolton Wanderers,2023-07-26 11:29:40.140241+00:00
410,326,Carlton,Morris,12,4,846,1.2,217,3,1,0,20,0,0,0,1,0,141.0,136,85.9,135,252.0,27,10,,
411,327,Admiral,Muskwe,12,4,0,0.0,577,0,0,0,0,0,0,0,0,0,0.0,612,0.0,609,0.0,598,0,Season-long loan to Exeter City,2023-09-01 14:47:17.297340+00:00
412,328,Chiedozie,Ogbene,12,4,595,3.0,91,1,0,0,13,0,0,0,0,0,93.8,220,99.1,116,102.0,102,6,,
413,329,Fred,Onyedinma,12,3,0,0.0,686,0,0,0,0,0,0,0,0,0,0.0,704,0.0,702,0.0,699,0,Season long loan to Rotherham,2023-07-31 07:05:08.472622+00:00
414,330,Gabriel,Osho,12,2,56,0.0,538,0,0,0,2,0,0,0,0,0,7.0,410,0.3,413,0.0,556,1,,2023-08-04 11:00:04.319102+00:00
415,331,Aribim,Pepple,12,4,0,0.0,616,0,0,0,0,0,0,0,0,0,0.0,648,0.0,644,0.0,636,0,Season long loan to Bromley,2023-08-21 08:33:51.407917+00:00
416,332,Dion,Pereira,12,3,0,0.0,551,0,0,0,0,0,0,0,0,0,0.0,589,0.0,582,0.0,570,0,Season-long loan to Sutton United,2023-09-01 14:46:43.900668+00:00
417,333,Dan,Potts,12,2,0,0.0,390,0,0,0,0,0,0,0,0,0,0.0,454,0.0,438,0.0,413,0,Ankle injury - Expected back 25 Nov,2023-08-06 23:30:05.828555+00:00
418,334,Glen,Rea,12,3,0,0.0,532,0,0,0,0,0,0,0,0,0,0.0,574,0.0,566,0.0,553,0,Released from contract,2023-09-03 20:07:55.555731+00:00
419,335,James,Shea,12,1,0,0.0,522,0,0,0,0,0,0,0,0,0,0.0,564,0.0,556,0.0,542,0,,
420,336,Joe,Taylor,12,4,0,0.0,588,0,0,0,0,0,0,0,0,0,0.0,622,0.0,619,0.0,609,0,Season long loan to Colchester United,2023-08-11 10:53:00.375635+00:00
421,337,Elliot,Thorpe,12,3,0,0.0,586,0,0,0,0,0,0,0,0,0,0.0,620,0.0,617,0.0,607,0,Joined Shrewsbury Town on a season-long loan,2023-07-13 12:00:04.224388+00:00
422,338,Jack,Walton,12,1,0,0.0,435,0,0,0,0,0,0,0,0,0,0.0,495,0.0,482,0.0,458,0,Joined Dundee United on a season-long loan - Expected back 01 Jul,2023-07-11 09:00:04.234257+00:00
423,339,Louie,Watson,12,3,0,0.0,544,0,0,0,0,0,0,0,0,0,0.0,582,0.0,575,0.0,563,0,Season-long loan to Charlton,2023-09-01 21:49:21.681463+00:00
424,340,Cauley,Woodrow,12,4,74,0.5,305,0,0,0,2,0,0,0,0,0,26.0,349,49.3,210,32.0,232,0,,
425,393,Teden,Mengi,12,2,335,0.8,255,0,0,0,7,0,0,0,0,0,62.8,265,3.1,383,11.0,327,3,,
426,553,Ryan,Giles,12,2,279,0.2,343,0,0,0,8,0,0,0,0,0,43.4,300,89.3,130,17.0,291,3,,
427,575,Tom,Lockyer,12,2,765,1.0,224,1,1,0,18,1,0,0,2,0,168.0,110,25.0,298,64.0,156,9,,2023-09-28 17:00:09.592247+00:00
428,582,Pelly Ruddock,Mpanzu,12,3,498,1.2,212,0,0,0,9,0,0,0,0,0,41.2,308,61.0,185,38.0,220,5,,
429,586,Tahith,Chong,12,3,467,1.0,241,0,0,0,11,0,0,0,2,0,36.6,318,40.7,242,65.0,154,5,,
430,602,Issa,Kaboré,12,2,601,0.2,340,0,1,0,12,0,0,0,3,0,82.2,236,106.8,106,23.0,262,7,,
431,614,Thomas,Kaminski,12,1,900,2.0,134,0,0,0,20,0,0,0,1,0,280.4,22,0.0,598,0.0,587,10,,
432,630,Ross,Barkley,12,3,263,1.0,243,0,0,0,8,0,0,0,0,0,28.4,343,79.1,146,46.0,193,3,,2023-09-16 23:30:07.302434+00:00
433,631,Jacob,Brown,12,4,560,1.2,213,0,1,0,13,0,0,0,2,0,43.0,302,73.7,153,143.0,57,7,,
434,648,Aidan,Francis-Clarke,12,2,0,0.0,489,0,0,0,0,0,0,0,0,0,0.0,545,0.0,531,0.0,509,0,Season long loan to Dagenham and Redbridge,2023-09-11 14:13:13.987409+00:00
435,665,Tim,Krul,12,1,0,0.0,517,0,0,0,0,0,0,0,0,0,0.0,560,0.0,552,0.0,536,0,,
436,682,Joseph,Johnson,12,2,0,0.0,492,0,0,0,0,0,0,0,0,0,0.0,548,0.0,534,0.0,512,0,,
437,727,Andros,Townsend,12,3,51,1.7,177,0,1,0,2,0,0,0,0,0,11.0,389,41.9,237,2.0,400,0,,
438,729,Jayden,Luker,12,3,0,0.0,640,0,0,0,0,0,0,0,0,0,0.0,669,0.0,665,0.0,658,0,,
439,341,Manuel,Akanji,13,2,720,1.8,163,1,0,3,6,0,0,0,1,1,172.2,102,92.9,123,43.0,201,8,,2023-10-21 17:30:08.075536+00:00
440,342,Nathan,Aké,13,2,552,3.0,94,2,0,1,6,0,0,0,0,0,147.8,126,52.3,206,126.0,82,6,,2023-08-06 23:30:05.855914+00:00
441,343,Julián,Álvarez,13,4,908,3.8,61,4,5,5,6,0,0,0,2,0,265.0,27,372.3,5,251.0,29,11,,
442,344,Bernardo,Veiga de Carvalho e Silva,13,3,638,6.0,12,3,2,2,5,0,0,0,2,0,222.4,51,239.9,25,132.0,74,7,,2023-09-20 09:00:09.855543+00:00
443,345,Oscar,Bobb,13,3,52,1.0,230,0,2,0,1,0,0,0,0,0,29.0,342,41.3,239,8.0,346,0,,
444,346,João,Cancelo,13,2,0,0.0,715,0,0,0,0,0,0,0,0,0,0.0,722,0.0,722,0.0,722,0,Season-long loan to Barcelona,2023-09-01 21:47:31.722632+00:00
445,347,Scott,Carson,13,1,0,0.0,381,0,0,0,0,0,0,0,0,0,0.0,445,0.0,428,0.0,403,0,,
446,348,Shea,Charles,13,3,0,0.0,606,0,0,0,0,0,0,0,0,0,0.0,639,0.0,636,0.0,627,0,Permanent Transfer to Southampton,2023-07-11 09:00:10.230763+00:00
447,349,Kevin,De Bruyne,13,3,22,0.0,729,0,0,0,0,0,0,0,0,0,2.4,431,18.8,320,1.0,402,1,Hamstring injury - Expected back 16 Dec,2023-08-12 08:00:06.610027+00:00
448,350,Rúben,Gato Alves Dias,13,2,735,2.2,122,0,0,3,6,1,0,0,0,0,142.8,133,45.0,229,69.0,148,8,,
449,352,Ederson,Santana de Moraes,13,1,900,2.5,114,0,0,4,7,0,0,0,2,0,158.4,120,10.0,362,0.0,716,10,,
450,353,Phil,Foden,13,3,830,4.2,43,3,3,4,7,0,0,0,1,0,251.2,35,340.2,8,265.0,24,9,,
451,354,Jack,Grealish,13,3,294,0.8,291,0,1,2,1,0,0,0,2,0,64.8,263,117.8,86,101.0,103,3,,2023-09-06 09:30:07.230998+00:00
452,355,Erling,Haaland,13,4,934,6.8,6,11,2,4,7,0,0,1,0,0,440.0,1,139.3,70,578.0,1,11,Ankle injury - 75% chance of playing,2023-11-04 18:30:07.898730+00:00
453,356,Mateo,Kovačić,13,3,549,1.2,211,0,0,3,4,0,0,0,2,0,61.0,267,109.5,99,45.0,197,6,,2023-09-13 11:30:07.486692+00:00
454,357,Aymeric,Laporte,13,2,11,0.0,665,0,0,0,0,0,0,0,0,0,11.4,387,0.1,426,17.0,296,0,Transferred to Al Nassr,2023-08-25 08:36:39.711991+00:00
455,358,Rico,Lewis,13,2,166,1.8,154,0,0,2,1,0,0,0,0,0,5.6,415,10.5,359,6.0,354,2,,
456,359,Riyad,Mahrez,13,3,0,0.0,727,0,0,0,0,0,0,0,0,0,0.0,730,0.0,730,0.0,730,0,Permanent transfer to Al-Ahli,2023-07-31 07:05:47.120993+00:00
457,361,Stefan,Ortega Moreno,13,1,90,0.5,293,0,0,0,1,0,0,0,0,0,18.6,369,0.0,434,0.0,409,1,,
458,363,Máximo,Perrone,13,3,0,0.0,561,0,0,0,0,0,0,0,0,0,0.0,598,0.0,591,0.0,579,0,Season-long loan to UD Las Palmas,2023-08-25 08:39:41.545276+00:00
459,364,Kalvin,Phillips,13,3,89,0.2,360,0,0,0,2,0,0,0,0,0,15.6,376,9.0,365,6.0,362,0,,
460,365,Rodrigo,Hernandez,13,3,730,3.2,82,2,3,4,4,0,0,0,3,1,242.2,39,170.4,53,162.0,51,9,,2023-09-23 21:30:07.288023+00:00
461,366,Sergio,Gómez,13,2,15,0.0,401,0,1,0,0,0,0,0,0,0,19.4,366,14.6,340,4.0,373,0,Knock - 75% chance of playing,2023-11-04 21:00:08.878260+00:00
462,367,Zack,Steffen,13,1,0,0.0,392,0,0,0,0,0,0,0,0,0,0.0,456,0.0,441,0.0,416,0,,
463,368,John,Stones,13,2,256,3.8,58,0,0,2,2,0,0,0,0,0,30.6,335,44.0,233,6.0,365,3,,2023-10-06 15:30:08.904549+00:00
464,369,Kyle,Walker,13,2,990,3.5,69,0,1,4,8,0,0,0,1,0,131.8,149,204.3,35,42.0,205,11,,
465,566,Matheus Luiz,Nunes,13,3,379,0.5,324,0,1,1,8,0,0,0,0,1,73.8,248,78.8,147,22.0,266,4,,2023-08-19 18:00:07.522141+00:00
466,616,Joško,Gvardiol,13,2,641,2.5,112,0,0,3,4,0,0,0,1,0,121.8,165,100.9,112,34.0,230,7,,
467,678,Jérémy,Doku,13,3,494,7.5,3,2,5,0,7,0,0,0,1,0,233.6,45,198.7,40,194.0,39,6,,
468,209,Mason,Mount,14,3,347,1.2,219,0,0,1,6,0,0,0,1,0,39.6,312,67.7,172,36.0,226,4,,2023-08-22 20:00:06.396065+00:00
469,370,Alex,Telles,14,2,0,0.0,572,0,0,0,0,0,0,0,0,0,0.0,608,0.0,605,0.0,594,0,Permanent transfer to Al Nassr,2023-07-24 09:56:30.018038+00:00
470,371,Amad,Diallo,14,3,0,0.0,565,0,0,0,0,0,0,0,0,0,0.0,601,0.0,595,0.0,583,0,Knee injury - Unknown return date,2023-08-07 17:30:06.162100+00:00
471,372,Antony Matheus,dos Santos,14,3,464,1.5,200,0,0,2,5,0,0,0,2,0,41.2,309,110.8,97,88.0,117,6,,2023-09-11 09:00:09.278158+00:00
472,373,Bruno,Borges Fernandes,14,3,990,5.2,20,3,2,3,16,0,0,0,4,0,333.0,9,438.1,3,244.0,30,11,,
473,374,Brandon,Williams,14,2,0,0.0,444,0,0,0,0,0,0,0,0,0,0.0,503,0.0,490,0.0,466,0,Season-long loan to Ipswich Town,2023-08-25 08:38:04.574841+00:00
474,375,Eric,Bailly,14,2,0,0.0,431,0,0,0,0,0,0,0,0,0,0.0,491,0.0,478,0.0,454,0,Permanent transfer to Süper Lig club Beşiktaş,2023-09-06 09:24:44.178755+00:00
475,376,Carlos Henrique,Casimiro,14,3,648,0.2,374,1,0,2,11,0,0,0,1,0,167.2,111,112.6,94,123.0,88,8,Hamstring injury - Unknown return date,2023-11-02 11:00:08.456584+00:00
476,377,Diogo,Dalot Teixeira,14,2,834,5.0,22,1,0,2,15,0,0,0,2,0,197.4,75,193.8,43,63.0,158,9,,
477,379,Christian,Eriksen,14,3,564,1.8,175,1,1,1,12,0,0,0,0,0,147.6,127,127.3,79,57.0,172,5,,2023-09-27 09:00:08.745934+00:00
478,380,Álvaro,Fernández Carreras,14,2,0,0.0,482,0,0,0,0,0,0,0,0,0,0.0,538,0.0,524,0.0,502,0,Season-long loan to Granada CF,2023-09-02 08:57:43.838494+00:00
479,381,Frederico,Rodrigues de Paula Santos,14,3,0,0.0,680,0,0,0,0,0,0,0,0,0,0.0,699,0.0,695,0.0,692,0,Permanent transfer to Fenerbahce,2023-08-14 03:59:16.804199+00:00
480,382,Alejandro,Garnacho,14,3,332,1.2,210,0,0,2,4,0,0,0,1,0,32.6,329,82.5,140,163.0,50,3,,
481,383,Hannibal,Mejbri,14,3,116,0.0,558,1,0,1,1,0,0,0,1,0,48.2,290,27.7,283,13.0,317,1,,
482,384,Tom,Heaton,14,1,0,0.0,410,0,0,0,0,0,0,0,0,0,0.0,472,0.0,457,0.0,433,0,,2023-08-11 13:00:07.024643+00:00
483,386,Victor,Lindelöf,14,2,673,2.0,135,0,1,1,9,0,0,0,1,0,99.2,197,85.3,136,16.0,299,7,Illness - 75% chance of playing,2023-11-03 17:30:08.582954+00:00
484,387,Harry,Maguire,14,2,386,4.0,46,0,1,1,7,0,0,0,0,0,107.4,184,21.8,305,10.0,332,4,,2023-09-20 09:00:09.995371+00:00
485,388,Kobbie,Mainoo,14,3,0,0.0,567,0,0,0,0,0,0,0,0,0,0.0,602,0.0,596,0.0,585,0,,2023-08-06 23:30:05.871870+00:00
486,389,Tyrell,Malacia,14,2,0,0.0,508,0,0,0,0,0,0,0,0,0,0.0,556,0.0,546,0.0,529,0,Knee injury - Unknown return date,2023-08-06 23:30:05.886466+00:00
487,390,Anthony,Martial,14,4,230,1.0,253,0,0,0,4,0,0,0,0,0,22.6,358,63.1,180,63.0,159,2,,2023-08-06 23:30:05.902302+00:00
488,391,Lisandro,Martínez,14,2,375,0.0,645,0,1,0,8,1,0,0,2,0,74.0,246,43.5,234,2.0,397,5,Foot injury - Unknown return date,2023-09-23 22:30:07.521955+00:00
489,392,Scott,McTominay,14,3,426,6.5,7,3,0,2,7,0,0,0,0,0,170.4,106,17.5,323,107.0,98,5,,2023-09-27 09:00:08.838995+00:00
490,394,Facundo,Pellistri Rebollo,14,3,110,1.0,231,0,1,0,1,0,0,0,0,0,27.6,346,15.3,333,38.0,218,1,,
491,395,Raphaël,Varane,14,2,329,0.5,327,1,0,1,5,0,0,0,0,0,101.2,189,22.5,302,64.0,157,4,,2023-08-26 21:00:08.220190+00:00
492,396,Marcus,Rashford,14,3,841,1.5,201,1,2,2,16,0,0,0,1,0,115.6,175,166.7,54,304.0,16,10,Knock - 75% chance of playing,2023-11-04 15:30:08.920648+00:00
493,397,Jadon,Sancho,14,3,76,0.0,723,0,0,0,1,0,0,0,0,0,9.8,396,14.8,339,12.0,326,0,Not training with his club until further notice - Unknown return date,2023-09-15 15:30:08.418514+00:00
494,398,Luke,Shaw,14,2,180,0.0,698,0,0,1,2,0,0,0,1,0,59.8,271,85.2,137,10.0,336,2,Muscle injury - Unknown return date,2023-08-24 22:30:06.920907+00:00
495,399,Shola,Shoretire,14,4,0,0.0,559,0,0,0,0,0,0,0,0,0,0.0,596,0.0,589,0.0,577,0,,
496,400,Donny,van de Beek,14,3,2,0.0,656,0,0,0,0,0,0,0,0,0,0.0,679,10.3,360,6.0,363,0,,
497,401,Aaron,Wan-Bissaka,14,2,430,2.0,132,0,1,2,6,0,0,0,2,0,123.2,162,61.8,182,14.0,313,5,,2023-09-18 12:30:07.443857+00:00
498,508,Sergio,Reguilón,14,2,179,0.2,347,0,0,1,4,0,0,0,1,0,17.8,372,27.3,288,2.0,388,2,,2023-09-29 13:30:09.411338+00:00
499,597,André,Onana,14,1,990,3.2,77,0,0,3,16,0,0,0,3,0,319.8,13,0.2,420,0.0,671,11,,
500,617,Rasmus,Højlund,14,4,568,2.0,152,0,0,2,9,0,0,0,0,0,30.8,333,92.8,124,140.0,58,7,,2023-08-07 15:00:07.622233+00:00
501,632,Omari,Forson,14,3,0,0.0,562,0,0,0,0,0,0,0,0,0,0.0,599,0.0,592,0.0,580,0,,
502,669,Radek,Vítek,14,1,0,0.0,473,0,0,0,0,0,0,0,0,0,0.0,530,0.0,516,0.0,494,0,,
503,685,Daniel,Gore,14,3,0,0.0,621,0,0,0,0,0,0,0,0,0,0.0,653,0.0,649,0.0,641,0,,
504,695,Altay,Bayindir,14,1,0,0.0,461,0,0,0,0,0,0,0,0,0,0.0,518,0.0,505,0.0,482,0,,
505,703,Jonny,Evans,14,2,447,2.5,105,0,1,2,7,0,0,0,1,0,83.8,232,38.7,251,9.0,337,5,,
506,709,Sofyan,Amrabat,14,3,312,1.0,248,0,0,0,4,0,0,0,2,0,59.8,270,48.5,214,3.0,382,4,,2023-10-18 22:00:10.651192+00:00
507,204,Lewis,Hall,15,2,9,0.0,514,0,0,0,0,0,0,0,0,0,1.0,437,0.0,550,0.0,534,0,,
508,402,Miguel,Almirón Rejala,15,3,717,1.8,176,2,0,3,8,0,0,0,1,0,119.6,168,86.1,134,124.0,85,9,,
509,403,Elliot,Anderson,15,3,407,0.8,262,0,1,3,5,0,0,0,0,0,83.2,235,88.8,132,85.0,120,4,Back injury - Expected back 23 Dec,2023-10-25 22:30:08.608535+00:00
510,404,Harrison,Ashby,15,2,0,0.0,454,0,0,0,0,0,0,0,0,0,0.0,512,0.0,499,0.0,475,0,Season long loan to Swansea,2023-08-07 07:49:05.653450+00:00
511,405,Sven,Botman,15,2,446,0.0,641,1,1,2,3,0,0,0,1,0,125.6,159,25.2,296,39.0,213,5,Knee injury - Unknown return date,2023-09-28 03:30:09.589726+00:00
512,406,Bruno,Guimarães Rodriguez Moura,15,3,952,2.0,149,1,1,5,11,0,0,0,5,0,187.2,84,242.4,24,132.0,73,11,Suspended until 25 Nov,2023-11-04 21:00:09.029195+00:00
513,407,Dan,Burn,15,2,945,2.0,139,1,0,4,11,0,0,0,2,0,198.4,72,57.4,195,107.0,97,11,Back injury - 50% chance of playing,2023-11-04 21:00:09.046586+00:00
514,408,Karl,Darlow,15,1,0,0.0,413,0,0,0,0,0,0,0,0,0,0.0,474,0.0,460,0.0,436,0,Permanent move to Leeds Utd,2023-07-31 07:01:03.752775+00:00
515,409,Martin,Dubravka,15,1,0,0.0,384,0,0,0,0,0,0,0,0,0,0.0,448,0.0,431,0.0,406,0,,2023-09-28 03:30:09.657546+00:00
516,410,Ryan,Fraser,15,3,0,0.0,663,0,0,0,0,0,0,0,0,0,0.0,685,0.0,682,0.0,677,0,Season-long loan to Southampton,2023-08-28 08:19:16.956660+00:00
517,411,Mark,Gillespie,15,1,0,0.0,386,0,0,0,0,0,0,0,0,0,0.0,450,0.0,433,0.0,408,0,,
518,412,Anthony,Gordon,15,3,790,4.2,40,4,4,6,7,0,0,0,6,0,241.8,40,141.9,68,259.0,25,9,,2023-09-30 18:30:08.844643+00:00
519,413,Isaac,Hayden,15,3,0,0.0,530,0,0,0,0,0,0,0,0,0,0.0,572,0.0,564,0.0,551,0,Joined Standard Liège on a season-long loan deal,2023-09-08 08:20:18.759219+00:00
520,414,Jeff,Hendrick,15,3,0,0.0,524,0,0,0,0,0,0,0,0,0,0.0,566,0.0,558,0.0,544,0,Season-long loan to Sheffield Wednesday,2023-09-02 08:49:55.025666+00:00
521,415,Alexander,Isak,15,4,491,3.5,74,6,0,2,6,0,0,0,0,0,223.0,49,56.2,198,276.0,20,6,Groin Injury - Expected back 25 Nov,2023-10-25 22:30:08.643362+00:00
522,416,Joelinton Cássio,Apolinário de Lira,15,3,548,3.5,73,0,1,2,6,0,0,0,1,0,98.0,201,131.9,77,73.0,145,7,,2023-09-30 23:00:09.117051+00:00
523,417,Emil,Krafth,15,2,0,0.0,526,0,0,0,0,0,0,0,0,0,0.0,568,0.0,560,0.0,547,0,,2023-08-06 23:30:05.921189+00:00
524,418,Garang,Kuol,15,3,0,0.0,638,0,0,0,0,0,0,0,0,0,0.0,666,0.0,663,0.0,655,0,On loan to FC Volendam,2023-08-09 08:37:02.624952+00:00
525,419,Jamaal,Lascelles,15,2,466,4.0,44,0,0,3,4,0,0,0,1,0,95.4,212,15.9,330,21.0,268,5,,
526,420,Jamal,Lewis,15,2,0,0.0,430,0,0,0,0,0,0,0,0,0,0.0,490,0.0,477,0.0,453,0,Joined Watford on a season long loan,2023-07-28 08:26:22.444029+00:00
527,421,Sean,Longstaff,15,3,718,2.8,103,2,2,5,8,0,0,0,4,0,180.4,93,95.1,119,106.0,100,7,,
528,422,Javier,Manquillo Gaitán,15,2,0,0.0,417,0,0,0,0,0,0,0,0,0,0.0,478,0.0,464,0.0,440,0,Groin Injury - 25% chance of playing,2023-11-01 10:00:07.938453+00:00
529,423,Jacob,Murphy,15,3,119,4.8,29,1,3,1,1,0,0,0,0,0,103.4,187,54.3,200,39.0,214,1,Shoulder injury - Expected back 03 Feb,2023-10-25 22:30:08.680842+00:00
530,424,Nick,Pope,15,1,990,4.0,52,0,0,5,11,0,0,0,0,0,215.0,57,0.0,716,4.0,380,11,,
531,425,Matt,Ritchie,15,3,11,0.2,346,0,0,0,0,0,0,0,0,0,8.2,405,0.3,412,0.0,540,0,,
532,426,Allan,Saint-Maximin,15,3,0,0.0,719,0,0,0,0,0,0,0,0,0,0.0,725,0.0,725,0.0,725,0,Permanent move to Al Ahli,2023-08-01 09:50:12.023756+00:00
533,427,Fabian,Schär,15,2,990,4.5,34,0,1,5,11,0,0,0,2,0,199.6,71,29.9,276,68.0,150,11,,2023-11-03 13:00:08.956156+00:00
534,428,Matt,Targett,15,2,77,0.2,342,0,0,0,4,0,0,0,1,0,9.2,398,11.9,355,0.0,524,1,Hamstring injury - Unknown return date,2023-11-02 11:00:08.651515+00:00
535,429,Sandro,Tonali,15,3,437,0.8,287,1,0,1,5,0,0,0,2,0,81.8,238,105.0,109,50.0,191,5,Suspended until 27 Aug,2023-10-28 17:30:08.969563+00:00
536,430,Kieran,Trippier,15,2,947,6.2,9,0,6,5,11,0,0,0,3,0,316.4,14,493.3,1,31.0,237,11,,
537,431,Kell,Watts,15,2,0,0.0,445,0,0,0,0,0,0,0,0,0,0.0,504,0.0,491,0.0,467,0,Season long loan to Wigan Athletic,2023-07-28 08:27:42.691706+00:00
538,432,Joe,Willock,15,3,46,0.5,331,0,0,0,0,0,0,0,0,0,7.4,409,15.0,336,6.0,366,0,,2023-08-06 23:30:05.992699+00:00
539,433,Callum,Wilson,15,4,479,5.5,16,7,0,4,7,0,0,0,1,0,253.0,34,27.6,285,319.0,13,5,,2023-09-28 03:30:09.763557+00:00
540,580,Loris,Karius,15,1,0,0.0,388,0,0,0,0,0,0,0,0,0,0.0,452,0.0,436,0.0,411,0,,
541,581,Paul,Dummett,15,2,0,0.0,389,0,0,0,0,0,0,0,0,0,0.0,453,0.0,437,0.0,412,0,,
542,603,Harvey,Barnes,15,3,183,0.0,721,1,1,1,2,0,0,0,1,0,57.6,276,29.9,277,53.0,185,2,Toe Injury - Expected back 30 Dec,2023-09-24 22:30:08.362792+00:00
543,633,Tino,Livramento,15,2,91,0.2,345,0,0,0,0,0,0,0,1,0,23.0,357,2.1,390,4.0,375,0,,
544,634,Alex,Murphy,15,2,0,0.0,407,0,0,0,0,0,0,0,0,0,0.0,469,0.0,454,0.0,430,0,Knock - 25% chance of playing,2023-09-06 20:00:07.244866+00:00
545,635,Lewis,Miley,15,3,0,0.0,636,0,0,0,0,0,0,0,0,0,0.0,664,0.0,661,0.0,653,0,,2023-10-20 11:00:09.986299+00:00
546,23,Nuno,Varela Tavares,16,2,93,0.0,453,0,0,0,2,0,0,0,2,0,9.2,397,7.2,368,2.0,383,1,,2023-09-23 22:00:06.903992+00:00
547,28,Matt,Turner,16,1,900,2.2,117,0,0,2,15,0,0,0,1,0,202.4,65,0.0,535,0.0,513,10,,
548,186,Andrey,Nascimento dos Santos,16,3,7,0.2,349,0,0,0,0,0,0,0,0,0,0.0,603,0.5,408,3.0,381,0,,2023-08-26 14:30:06.122359+00:00
549,205,Callum,Hudson-Odoi,16,3,228,0.8,280,1,0,1,2,0,0,0,0,0,53.8,285,59.2,190,37.0,223,3,Hamstring injury - Expected back 02 Dec,2023-10-21 19:00:07.635339+00:00
550,378,Anthony,Elanga,16,3,470,3.0,95,1,3,0,6,0,0,0,0,0,135.8,145,108.9,101,176.0,45,4,,2023-10-27 15:30:08.709627+00:00
551,434,Brandon,Aguilera Zamora,16,3,0,0.0,605,0,0,0,0,0,0,0,0,0,0.0,638,0.0,635,0.0,626,0,Season long loan to Estoril,2023-08-10 13:50:23.263385+00:00
552,435,Harry,Arter,16,3,0,0.0,520,0,0,0,0,0,0,0,0,0,0.0,562,0.0,554,0.0,539,0,,
553,436,Serge,Aurier,16,2,708,1.0,233,0,2,1,13,0,0,0,2,0,146.6,129,76.5,148,34.0,229,9,,2023-10-07 21:00:08.142985+00:00
554,437,Taiwo,Awoniyi,16,4,508,0.2,378,3,2,1,9,0,0,0,1,0,152.2,124,102.6,111,123.0,90,6,Groin Injury - 75% chance of playing,2023-11-04 03:00:09.174847+00:00
555,438,Giulian,Biancone,16,2,0,0.0,402,0,0,0,0,0,0,0,0,0,0.0,464,0.0,449,0.0,425,0,Permanent transfer to Olympiacos,2023-09-18 10:34:51.025619+00:00
556,439,Willy,Boly,16,2,753,3.2,75,1,0,3,11,0,0,0,1,0,262.0,28,37.1,256,139.0,59,9,,2023-09-19 09:00:09.368567+00:00
557,440,Josh,Bowler,16,3,0,0.0,590,0,0,0,0,0,0,0,0,0,0.0,624,0.0,621,0.0,611,0,Season long loan to Cardiff City,2023-08-04 09:38:29.203317+00:00
558,441,Steve,Cook,16,2,0,0.0,569,0,0,0,0,0,0,0,0,0,0.0,605,0.0,599,0.0,588,0,Permanent transfer to QPR,2023-08-10 13:47:53.233734+00:00
559,442,Danilo,dos Santos de Oliveira,16,3,285,0.0,704,0,0,0,6,0,0,0,0,0,20.0,365,25.6,293,12.0,323,4,Hamstring injury - 25% chance of playing,2023-08-31 17:30:08.232600+00:00
560,443,Emmanuel,Dennis,16,4,0,0.0,657,0,0,0,0,0,0,0,0,0,0.0,680,0.0,678,0.0,672,0,On loan to Istanbul Basaksehir,2023-09-18 10:38:41.886230+00:00
561,444,Mohamed,Dräger,16,2,0,0.0,428,0,0,0,0,0,0,0,0,0,0.0,488,0.0,475,0.0,451,0,Transferred to Basel,2023-08-28 07:58:11.676535+00:00
562,445,Felipe Augusto,de Almeida Monteiro,16,2,0,0.0,527,0,0,0,0,0,0,0,0,0,0.0,569,0.0,561,0.0,548,0,Knee injury - 25% chance of playing,2023-10-19 16:30:09.793915+00:00
563,446,Remo,Freuler,16,3,0,0.0,662,0,0,0,0,0,0,0,0,0,0.0,684,0.0,681,0.0,676,0,Season-long loan to Bologna,2023-09-03 20:10:13.581302+00:00
564,447,Morgan,Gibbs-White,16,3,831,1.5,199,0,2,2,14,0,0,0,3,0,127.2,157,309.6,12,120.0,91,9,,
565,448,Wayne,Hennessey,16,1,0,0.0,409,0,0,0,0,0,0,0,0,0,0.0,471,0.0,456,0.0,432,0,,2023-08-06 23:30:06.047716+00:00
566,449,Ethan,Horvath,16,1,0,0.0,503,0,0,0,0,0,0,0,0,0,0.0,552,0.0,542,0.0,523,0,,
567,451,Cheikhou,Kouyaté,16,3,71,0.5,317,0,0,0,3,0,0,0,1,0,27.8,345,12.2,354,6.0,361,0,,
568,452,Richie,Laryea,16,2,0,0.0,583,0,0,0,0,0,0,0,0,0,0.0,617,0.0,614,0.0,604,0,Loan to the end of the year with a permanent transfer in view,2023-08-04 09:37:12.198683+00:00
569,453,Orel,Mangala,16,3,732,1.5,191,0,0,2,12,0,0,0,4,0,54.0,282,60.8,186,18.0,288,9,,2023-10-07 21:00:08.186421+00:00
570,454,Loïc,Mbe Soh,16,2,0,0.0,448,0,0,0,0,0,0,0,0,0,0.0,507,0.0,494,0.0,470,0,Season long to Almere City,2023-08-29 07:47:33.418642+00:00
571,455,Scott,McKenna,16,2,416,0.0,574,0,0,1,6,0,0,0,0,0,89.0,225,32.4,267,17.0,293,5,,2023-08-26 21:00:08.377652+00:00
572,456,Alex,Mighten,16,3,0,0.0,552,0,0,0,0,0,0,0,0,0,0.0,590,0.0,583,0.0,571,0,Season-long loan to KV Kortrijk,2023-09-08 08:21:25.234986+00:00
573,457,Moussa,Niakhaté,16,2,269,0.2,350,0,0,0,7,0,0,0,0,1,30.8,332,5.8,373,0.0,601,3,,2023-10-01 19:30:08.979092+00:00
574,458,Lewis,O'Brien,16,3,0,0.0,675,0,0,0,0,0,0,0,0,0,0.0,694,0.0,692,0.0,688,0,Season-long loan to Middlesbrough,2023-09-01 07:24:06.652254+00:00
575,459,Braian,Ojeda Rodríguez,16,3,0,0.0,594,0,0,0,0,0,0,0,0,0,0.0,628,0.0,625,0.0,616,0,Permanent transfer to Real Salt Lake,2023-08-04 09:39:04.512634+00:00
576,460,Jonathan,Panzo,16,2,0,0.0,436,0,0,0,0,0,0,0,0,0,0.0,496,0.0,483,0.0,459,0,Season-long loan to Cardiff City,2023-09-01 14:45:03.225842+00:00
577,461,Omar,Richards,16,2,0,0.0,541,0,0,0,0,0,0,0,0,0,0.0,579,0.0,571,0.0,559,0,Season-long loan to Olympiakos,2023-08-16 16:30:07.161960+00:00
578,462,Gustavo Henrique,Furtado Scarpa,16,3,0,0.0,579,0,0,0,0,0,0,0,0,0,0.0,614,0.0,611,0.0,600,0,Season long loan to Olympiacos,2023-08-21 08:31:03.509832+00:00
579,463,Jonjo,Shelvey,16,3,0,0.0,651,0,0,0,0,0,0,0,0,0,0.0,675,0.0,673,0.0,666,0,Season long loan to Çaykur Rizespor,2023-09-18 10:37:34.955618+00:00
580,464,Sam,Surridge,16,4,0,0.0,581,0,0,0,0,0,0,0,0,0,0.0,615,0.0,612,0.0,602,0,Joined Nashville SC on a permanent transfer,2023-07-26 11:30:33.401435+00:00
581,465,Harry,Toffolo,16,2,231,2.0,131,0,1,1,3,0,0,0,0,0,77.6,243,46.8,224,44.0,198,2,,
582,466,Hwang,Ui-jo,16,4,0,0.0,539,0,0,0,0,0,0,0,0,0,0.0,577,0.0,569,0.0,557,0,Season-long loan to Norwich City,2023-09-03 20:12:47.865585+00:00
583,467,Neco,Williams,16,2,117,0.5,299,0,0,0,2,0,0,0,0,0,33.0,328,30.2,273,8.0,344,1,,
584,468,Chris,Wood,16,4,232,3.8,56,3,0,1,2,0,0,0,0,0,118.8,170,58.7,193,137.0,65,2,Hamstring injury - Expected back 25 Nov,2023-10-29 22:00:10.906708+00:00
585,469,Joe,Worrall,16,2,437,0.0,580,0,0,1,9,0,0,0,0,1,82.0,237,22.1,303,18.0,284,5,,2023-08-26 19:30:07.624115+00:00
586,470,Ryan,Yates,16,3,357,0.5,323,0,0,1,8,0,0,0,2,0,61.0,268,22.1,304,11.0,329,3,,2023-10-02 09:30:09.366703+00:00
587,604,Olu,Aina,16,2,467,0.5,308,0,0,1,11,0,0,0,3,0,68.2,259,18.8,319,5.0,370,6,,2023-10-02 09:30:09.688162+00:00
588,636,George,Shelvey,16,1,0,0.0,460,0,0,0,0,0,0,0,0,0,0.0,517,0.0,504,0.0,481,0,,
589,637,Josh,Powell,16,2,0,0.0,486,0,0,0,0,0,0,0,0,0,0.0,542,0.0,528,0.0,506,0,,
590,679,Gonzalo,Montiel,16,2,166,0.2,351,0,0,0,1,0,0,0,2,0,23.4,355,26.8,290,11.0,328,1,Muscle injury - 25% chance of playing,2023-10-18 22:00:10.626977+00:00
591,696,Murillo,Santiago Costa dos Santos,16,2,360,2.0,136,0,0,1,6,0,0,0,1,0,94.2,219,27.0,289,50.0,189,4,,
592,710,Odysseas,Vlachodimos,16,1,0,0.0,570,0,0,0,0,0,0,0,0,0,0.0,606,0.0,602,0.0,591,0,,
593,711,Andrew,Omobamidele,16,2,0,0.0,607,0,0,0,0,0,0,0,0,0,0.0,640,0.0,637,0.0,628,0,,
594,712,Nicolás,Domínguez,16,3,404,1.8,166,1,0,2,5,0,0,0,1,0,91.8,223,18.9,318,70.0,147,5,,2023-10-01 19:30:09.351809+00:00
595,713,Ibrahim,Sangaré,16,3,463,1.5,192,0,0,2,7,0,0,0,4,0,69.0,255,40.7,243,32.0,234,6,,
596,714,Divock,Origi,16,4,58,0.2,369,0,0,0,0,0,0,0,1,0,4.2,422,14.9,337,8.0,349,0,Groin Injury - Expected back 25 Nov,2023-10-21 19:00:08.613189+00:00
597,27,Auston,Trusty,17,2,375,0.8,254,0,0,0,13,0,0,0,1,0,95.2,215,15.0,334,6.0,353,4,,
598,33,Cameron,Archer,17,4,626,3.5,63,2,1,0,21,0,0,0,2,0,96.6,207,105.7,108,113.0,94,7,,
599,360,James,McAtee,17,3,429,3.0,86,0,2,1,17,0,0,0,1,0,58.0,274,109.2,100,74.0,141,5,,
600,471,Anel,Ahmedhodžić,17,2,720,0.2,344,0,0,0,22,0,0,0,3,0,135.8,142,8.6,366,68.0,149,8,Hamstring injury - Expected back 12 Nov,2023-10-22 23:30:08.264278+00:00
601,472,Jordan,Amissah,17,1,0,0.0,406,0,0,0,0,0,0,0,0,0,0.0,468,0.0,453,0.0,429,0,,
602,473,George,Baldock,17,2,359,1.0,221,0,1,0,7,0,0,0,2,0,41.2,307,30.1,274,8.0,343,4,,2023-09-13 01:00:07.638722+00:00
603,474,Chris,Basham,17,2,316,0.2,337,0,0,0,6,0,0,0,1,0,69.2,254,27.4,287,14.0,311,3,Leg injury - Unknown return date,2023-10-07 21:00:08.209470+00:00
604,476,Jayden,Bogle,17,2,567,1.8,159,1,1,1,15,0,0,0,1,0,81.2,239,40.5,244,54.0,179,7,,2023-08-04 11:00:04.348112+00:00
605,477,Rhian,Brewster,17,4,163,1.0,245,0,0,0,5,0,0,0,0,0,12.0,386,14.5,341,27.0,253,2,Knee injury - 75% chance of playing,2023-11-04 19:30:09.068235+00:00
606,478,Ismaila,Coulibaly,17,3,0,0.0,560,0,0,0,0,0,0,0,0,0,0.0,597,0.0,590,0.0,578,0,,2023-08-04 11:00:04.362630+00:00
607,479,Adam,Davies,17,1,0,0.0,415,0,0,0,0,0,0,0,0,0,0.0,476,0.0,462,0.0,438,0,,2023-10-12 09:30:10.081141+00:00
608,480,John,Egan,17,2,482,0.0,498,0,0,0,17,0,0,0,2,0,91.2,224,1.4,397,38.0,216,6,Leg injury - Unknown return date,2023-09-30 23:00:09.253470+00:00
609,481,John,Fleck,17,3,19,0.2,363,0,0,0,2,0,0,0,0,0,0.0,682,0.3,417,0.0,674,0,,2023-08-04 11:00:04.379703+00:00
610,482,Wes,Foderingham,17,1,990,1.0,234,0,0,0,30,1,0,0,1,0,364.2,3,0.0,601,0.0,590,11,,
611,483,Daniel,Jebbison,17,4,0,0.0,660,0,0,0,0,0,0,0,0,0,0.0,681,0.0,679,0.0,673,0,Illness - Unknown return date,2023-08-06 23:30:06.119901+00:00
612,484,Max,Lowe,17,2,124,0.0,501,0,0,0,2,0,0,0,0,0,29.4,340,11.0,357,2.0,384,2,Ankle injury - Expected back 12 Nov,2023-08-25 14:00:09.439172+00:00
613,485,Oliver,McBurnie,17,4,430,1.8,171,1,1,0,11,0,0,0,1,1,101.2,190,67.8,170,172.0,47,5,Groin Injury - Expected back 12 Nov,2023-10-22 23:30:08.385626+00:00
614,486,Iliman,Ndiaye,17,4,0,0.0,711,0,0,0,0,0,0,0,0,0,0.0,719,0.0,719,0.0,718,0,Permanent transfer to Marseille,2023-08-02 07:28:59.550053+00:00
615,487,Rhys,Norrington-Davies,17,2,0,0.0,403,0,0,0,0,0,0,0,0,0,0.0,465,0.0,450,0.0,426,0,Lack of match fitness - Unknown return date,2023-08-06 23:30:06.150503+00:00
616,488,Oliver,Norwood,17,3,790,3.5,65,1,0,0,24,0,0,0,3,0,179.8,95,156.1,60,59.0,166,9,,2023-08-06 23:30:06.165508+00:00
617,489,Ben,Osborn,17,3,236,0.5,318,0,0,0,5,0,0,0,2,0,27.2,347,34.7,263,7.0,352,3,,2023-08-27 23:00:07.645002+00:00
618,490,William,Osula,17,4,233,0.0,515,0,0,0,3,0,0,0,2,0,1.0,438,6.0,371,21.0,271,3,,2023-09-13 01:00:07.758026+00:00
619,576,Jack,Robinson,17,2,944,0.8,258,0,1,0,30,0,0,0,2,0,203.6,63,39.1,248,38.0,217,10,,
620,587,Anis,Slimane,17,3,103,0.2,357,0,0,0,6,0,0,0,2,0,4.2,420,8.1,367,12.0,322,1,,2023-08-18 23:30:05.917352+00:00
621,592,Yasser,Larouci,17,2,219,0.0,511,0,0,0,7,0,0,0,0,0,36.2,319,2.8,385,31.0,235,1,,
622,593,Bénie,Traoré,17,4,323,0.2,372,0,0,0,9,0,0,0,0,0,20.4,362,42.3,235,29.0,243,3,,
623,638,Vini,de Souza Costa,17,3,877,2.0,145,0,0,0,28,0,0,0,2,0,165.2,113,31.0,272,42.0,204,10,,2023-08-10 15:30:07.083501+00:00
624,653,Femi,Seriki,17,2,0,0.0,470,0,0,0,0,0,0,0,0,0,0.0,527,0.0,513,0.0,491,0,,
625,654,Louie,Marsh,17,4,0,0.0,632,0,0,0,0,0,0,0,0,0,0.0,663,0.0,660,0.0,652,0,Season-long loan to Doncaster Rovers,2023-09-01 21:50:15.739167+00:00
626,655,Andre,Brooks,17,3,19,0.0,635,0,0,0,1,0,0,0,0,0,2.8,429,1.0,398,2.0,394,0,,
627,656,Antwoine,Hackford,17,4,11,0.0,613,0,0,0,1,0,0,0,0,0,0.0,645,0.3,415,0.0,633,0,,
628,663,Gustavo,Hamer,17,3,812,1.8,165,2,0,1,20,0,0,0,2,0,145.6,131,190.7,44,93.0,113,10,Muscle injury - 75% chance of playing,2023-11-04 19:30:09.559157+00:00
629,666,Tom,Davies,17,3,57,0.0,687,0,0,0,5,0,0,0,1,0,6.4,411,13.0,351,8.0,350,0,Thigh injury - Unknown return date,2023-10-06 11:00:10.190930+00:00
630,693,Luke,Thomas,17,2,627,1.0,223,0,0,0,21,0,0,0,1,0,96.2,208,48.7,213,55.0,175,7,,
631,730,Ryan,Oné,17,3,7,0.3,336,0,0,0,2,0,0,0,0,0,0.0,667,0.3,416,0.0,656,0,,
632,731,Jili,Buyabu,17,2,0,0.0,491,0,0,0,0,0,0,0,0,0,0.0,547,0.0,533,0.0,511,0,,
633,450,Brennan,Johnson,18,3,345,1.0,250,0,1,0,8,0,0,0,1,0,48.2,292,53.6,203,82.0,130,4,,2023-09-24 22:30:07.995996+00:00
634,491,Brandon,Austin,18,1,0,0.0,398,0,0,0,0,0,0,0,0,0,0.0,461,0.0,446,0.0,421,0,,
635,492,Rodrigo,Bentancur,18,3,1,0.2,376,0,0,0,1,0,0,0,0,0,0.6,440,0.8,401,2.0,401,0,,2023-07-05 16:30:03.838788+00:00
636,493,Yves,Bissouma,18,3,723,0.2,370,0,0,3,8,0,0,0,4,1,171.0,105,114.7,92,96.0,109,9,,2023-10-07 14:00:09.953812+00:00
637,494,Bryan,Gil Salvatierra,18,3,1,0.2,366,0,0,0,1,0,0,0,0,0,0.0,695,0.3,418,0.0,689,0,,2023-08-04 11:00:04.405468+00:00
638,495,Ben,Davies,18,2,88,0.5,298,0,1,0,0,0,0,0,0,0,27.8,344,5.7,374,12.0,320,1,Knock - 25% chance of playing,2023-11-02 14:30:08.810066+00:00
639,496,Eric,Dier,18,2,0,0.0,495,0,0,0,0,0,0,0,0,0,0.0,550,0.0,537,0.0,516,0,,
640,497,Emerson,Leite de Souza Junior,18,2,190,0.8,263,1,0,0,4,0,0,0,0,0,84.0,231,19.3,315,15.0,306,1,,
641,498,Fraser,Forster,18,1,0,0.0,382,0,0,0,0,0,0,0,0,0,0.0,446,0.0,429,0.0,404,0,,2023-08-11 16:00:08.821890+00:00
642,499,Pierre-Emile,Højbjerg,18,3,241,0.8,284,0,0,1,2,0,0,0,3,0,51.0,288,21.5,308,15.0,309,1,,
643,500,Harry,Kane,18,4,0,0.0,730,0,0,0,0,0,0,0,0,0,0.0,732,0.0,732,0.0,732,0,Transferred to Bayern Munich,2023-08-12 09:23:00.234032+00:00
644,501,Dejan,Kulusevski,18,3,891,2.2,126,2,0,5,7,0,0,0,1,0,178.2,99,307.3,13,302.0,17,10,,
645,502,Hugo,Lloris,18,1,0,0.0,649,0,0,0,0,0,0,0,0,0,0.0,674,0.0,672,0.0,665,0,,
646,503,Giovani,Lo Celso,18,3,24,0.2,362,0,0,0,0,0,0,0,0,0,8.6,402,14.0,344,4.0,379,0,,2023-09-01 13:00:09.098062+00:00
647,504,James,Maddison,18,3,837,5.2,19,3,6,5,7,0,0,0,2,0,327.4,10,450.3,2,314.0,15,10,,2023-09-25 12:30:08.800627+00:00
648,505,Tanguy,Ndombélé Alvaro,18,3,0,0.0,545,0,0,0,0,0,0,0,0,0,0.0,583,0.0,576,0.0,564,0,On loan to Galatasaray with an option to buy for €15m,2023-09-07 15:49:59.768785+00:00
649,506,Pedro,Porro,18,2,807,3.5,68,0,2,4,7,0,0,0,1,0,182.2,89,172.1,52,52.0,187,9,,
650,507,Ivan,Perišić,18,2,98,0.0,643,0,1,0,1,0,0,0,2,0,41.6,305,71.2,162,27.0,250,0,Knee injury - Expected back 01 Jun,2023-09-20 12:30:08.524991+00:00
651,509,Richarlison,de Andrade,18,3,535,2.5,116,1,3,3,4,0,0,0,2,0,130.0,151,97.8,118,255.0,26,7,,2023-08-30 21:30:08.194107+00:00
652,510,Joe,Rodon,18,2,0,0.0,437,0,0,0,0,0,0,0,0,0,0.0,497,0.0,484,0.0,460,0,Season long loan to Leeds United,2023-08-11 10:47:30.310788+00:00
653,511,Cristian,Romero,18,2,823,5.0,23,2,0,4,7,1,0,0,2,0,278.4,24,64.2,176,67.0,152,10,,2023-10-18 22:00:10.172726+00:00
654,512,Davinson,Sánchez,18,2,76,0.0,534,0,0,0,2,0,0,0,1,0,17.0,373,5.0,375,4.0,376,0,Permanent transfer to Galatasaray,2023-09-07 15:50:57.233998+00:00
655,513,Pape Matar,Sarr,18,3,707,2.0,138,1,1,3,6,0,0,0,2,0,162.2,117,161.4,56,183.0,42,9,,
656,514,Ryan,Sessegnon,18,2,0,0.0,535,0,0,0,0,0,0,0,0,0,0.0,575,0.0,567,0.0,554,0,Hamstring injury - Unknown return date,2023-07-12 00:30:03.648310+00:00
657,515,Oliver,Skipp,18,3,144,0.5,313,0,0,0,3,0,0,0,1,0,14.2,379,11.9,356,6.0,359,1,,
658,516,Son,Heung-min,18,3,796,6.8,5,8,1,4,8,0,0,0,0,0,343.0,6,237.0,27,341.0,10,10,,2023-09-29 13:30:09.441382+00:00
659,517,Djed,Spence,18,2,0,0.0,443,0,0,0,0,0,0,0,0,0,0.0,502,0.0,489,0.0,465,0,Season-long loan to Leeds United,2023-08-31 08:53:56.855071+00:00
660,518,Japhet,Tanganga,18,2,0,0.0,433,0,0,0,0,0,0,0,0,0,0.0,493,0.0,480,0.0,456,0,Season-long loan to Augsburg,2023-09-01 15:33:02.832710+00:00
661,519,Destiny,Udogie,18,2,728,1.8,161,0,2,3,8,0,0,0,3,0,163.0,115,103.3,110,84.0,122,9,Muscle injury - 50% chance of playing,2023-10-26 12:30:08.656572+00:00
662,520,Guglielmo,Vicario,18,1,900,4.0,50,0,0,4,9,0,0,0,2,0,282.6,21,0.0,710,0.0,707,10,,
663,521,Alfie,Whiteman,18,1,0,0.0,394,0,0,0,0,0,0,0,0,0,0.0,457,0.0,442,0.0,417,0,Ankle injury - Unknown return date,2023-08-11 16:00:08.892883+00:00
664,583,Manor,Solomon,18,3,196,0.0,700,0,2,0,2,0,0,0,1,0,73.4,249,144.3,65,61.0,163,2,Knee injury - Expected back 09 Dec,2023-10-06 15:30:09.250334+00:00
665,639,Micky,van de Ven,18,2,900,5.8,13,1,0,4,9,0,0,0,1,0,202.0,67,13.9,345,32.0,233,10,,
666,640,Dane,Scarlett,18,4,0,0.0,614,0,0,0,0,0,0,0,0,0,0.0,646,0.0,642,0.0,634,0,Season-long loan to  Ipswich Town,2023-09-01 07:25:42.681391+00:00
667,641,Alejo,Véliz,18,4,10,0.5,333,0,0,0,0,0,0,0,1,0,0.0,716,0.6,406,0.0,714,0,,
668,702,Ashley,Phillips,18,2,0,0.0,488,0,0,0,0,0,0,0,0,0,0.0,544,0.0,530,0.0,508,0,,
669,722,Jamie,Donley,18,4,0,0.0,624,0,0,0,0,0,0,0,0,0,0.0,656,0.0,652,0.0,644,0,,
670,522,Nayef,Aguerd,19,2,876,1.0,235,1,0,1,19,0,0,0,0,1,234.6,44,14.3,342,76.0,140,10,,2023-08-20 22:00:06.978879+00:00
671,523,Michail,Antonio,19,4,801,2.2,123,2,2,4,13,0,0,0,2,0,142.6,134,87.1,133,133.0,68,11,,2023-10-05 08:30:09.332489+00:00
672,524,Alphonse,Areola,19,1,990,1.5,178,0,0,1,20,0,1,0,0,0,314.2,16,0.0,538,0.0,519,11,,
673,525,Saïd,Benrahma,19,3,430,0.8,289,0,1,1,7,0,0,0,1,0,59.6,272,138.0,71,132.0,72,4,,
674,526,Jarrod,Bowen,19,3,990,4.8,31,7,1,1,20,0,0,0,1,0,337.2,7,122.4,82,437.0,3,11,,2023-09-22 11:30:08.260489+00:00
675,527,Maxwel,Cornet,19,3,1,0.0,701,0,0,0,0,0,0,0,0,0,2.2,433,0.0,711,0.0,708,0,,
676,528,Vladimír,Coufal,19,2,986,2.0,137,0,4,1,20,0,0,0,0,0,261.4,29,193.8,42,18.0,285,11,,2023-10-25 22:30:08.995754+00:00
677,529,Conor,Coventry,19,3,0,0.0,542,0,0,0,0,0,0,0,0,0,0.0,580,0.0,573,0.0,561,0,,
678,530,Aaron,Cresswell,19,2,84,0.5,296,0,0,0,1,0,0,0,0,0,10.0,393,20.8,309,0.0,515,1,,2023-09-22 11:30:08.275824+00:00
679,531,Flynn,Downes,19,3,0,0.0,691,0,0,0,0,0,0,0,0,0,0.0,707,0.0,705,0.0,702,0,Season-long loan to Southampton,2023-08-23 08:39:25.105821+00:00
680,532,Emerson,Palmieri dos Santos,19,2,900,0.5,307,0,2,1,19,0,0,0,6,0,164.6,114,125.1,81,39.0,212,10,,2023-10-22 21:00:08.515376+00:00
681,533,Lukasz,Fabianski,19,1,0,0.0,494,0,0,0,0,0,0,0,0,0,0.0,549,0.0,536,0.0,514,0,,2023-10-27 13:30:09.169653+00:00
682,534,Pablo,Fornals Malla,19,3,168,0.5,315,0,0,0,4,0,0,0,0,0,25.8,350,38.3,253,54.0,181,1,,
683,535,Danny,Ings,19,4,68,0.5,334,0,0,0,4,0,0,0,1,0,11.4,388,0.7,404,15.0,310,0,,
684,536,Ben,Johnson,19,2,0,0.0,543,0,0,0,0,0,0,0,0,0,0.0,581,0.0,574,0.0,562,0,,2023-10-05 08:30:09.363808+00:00
685,537,Thilo,Kehrer,19,2,18,0.0,506,0,0,0,1,0,0,0,1,0,8.4,403,0.7,402,0.0,527,0,,
686,538,Divin,Mubama,19,4,0,0.0,513,0,0,0,0,0,0,0,0,0,0.0,558,0.0,549,0.0,533,0,,
687,539,Lucas,Tolentino Coelho de Lima,19,3,885,1.0,251,1,1,2,15,0,0,0,5,0,160.8,118,222.4,29,88.0,116,10,,2023-10-29 22:00:11.189331+00:00
688,541,Gianluca,Scamacca,19,4,0,0.0,720,0,0,0,0,0,0,0,0,0,0.0,726,0.0,726,0.0,726,0,Permanent transfer to Atalanta BC,2023-08-09 08:38:29.554289+00:00
689,542,Tomáš,Souček,19,3,715,3.0,90,2,1,1,14,0,0,0,2,0,198.0,74,76.5,149,153.0,53,9,,2023-08-26 19:30:07.900929+00:00
690,543,Nikola,Vlašić,19,3,0,0.0,578,0,0,0,0,0,0,0,0,0,0.0,613,0.0,610,0.0,599,0,Permanent transfer to Torino,2023-08-10 13:50:57.779550+00:00
691,544,Kurt,Zouma,19,2,900,0.8,270,1,0,1,17,0,0,0,1,0,215.4,56,15.0,335,73.0,144,10,Knee injury - 75% chance of playing,2023-11-02 11:00:08.964026+00:00
692,577,Angelo,Ogbonna,19,2,111,0.0,518,0,0,0,1,0,0,0,0,0,29.8,338,0.1,422,0.0,537,1,,
693,642,Edson,Álvarez Velázquez,19,3,680,2.0,144,0,1,1,13,0,0,0,5,0,129.4,152,34.6,264,29.0,242,8,,2023-10-29 22:00:11.382492+00:00
694,647,Joseph,Anang,19,1,0,0.0,459,0,0,0,0,0,0,0,0,0,0.0,516,0.0,503,0.0,480,0,,
695,664,James,Ward-Prowse,19,3,872,2.0,150,2,3,1,19,0,0,0,1,0,279.6,23,335.3,10,123.0,89,10,,
696,676,Konstantinos,Mavropanos,19,2,91,-0.5,732,0,0,0,3,1,0,0,1,0,7.8,407,0.4,409,6.0,357,1,,2023-08-25 14:00:09.803368+00:00
697,689,Mohammed,Kudus,19,3,275,5.0,27,2,1,0,10,0,0,0,1,0,101.2,192,45.2,228,77.0,139,2,,
698,351,Tommy,Doyle,20,3,164,1.0,228,0,0,1,2,0,0,0,1,0,33.6,326,27.6,284,5.0,369,1,,2023-09-23 21:30:07.230910+00:00
699,545,Rayan,Aït-Nouri,20,2,785,1.0,236,0,0,0,14,0,0,0,3,0,135.8,143,88.9,131,38.0,219,10,,2023-10-09 08:30:09.236703+00:00
700,546,Daniel,Bentley,20,1,0,0.0,385,0,0,0,0,0,0,0,0,0,0.0,449,0.0,432,0.0,407,0,,
701,547,Bendegúz,Bolla,20,2,0,0.0,452,0,0,0,0,0,0,0,0,0,0.0,511,0.0,498,0.0,474,0,Season-long loan to Servette,2023-09-02 08:44:59.758273+00:00
702,548,Hugo,Bueno López,20,2,140,0.0,564,0,0,1,3,1,0,0,0,0,30.8,331,37.5,255,16.0,298,1,Knee injury - Expected back 27 Nov,2023-10-06 16:00:10.747104+00:00
703,549,Francisco Jorge,Tomás Oliveira,20,3,0,0.0,623,0,0,0,0,0,0,0,0,0,0.0,655,0.0,651,0.0,643,0,Season long loan to Stoke City,2023-07-24 10:00:19.445389+00:00
704,550,Luke,Cundle,20,3,0,0.0,591,0,0,0,0,0,0,0,0,0,0.0,625,0.0,622,0.0,612,0,Season long loan to Plymouth Argyle,2023-08-09 08:37:41.375390+00:00
705,551,Craig,Dawson,20,2,970,1.0,232,0,0,1,19,0,0,0,4,0,258.6,31,50.5,209,124.0,84,11,,
706,552,Fábio,Silva,20,4,259,0.2,373,0,0,1,8,0,0,0,2,0,25.2,352,51.6,208,93.0,114,3,,
707,554,Gonçalo Manuel,Ganchinho Guedes,20,3,0,0.0,708,0,0,0,0,0,0,0,0,0,0.0,715,0.0,715,0.0,713,0,Season-long loan to Benfica,2023-08-31 08:54:37.485544+00:00
708,555,Joe,Hodge,20,3,0,0.0,548,0,0,0,0,0,0,0,0,0,0.0,586,0.0,579,0.0,567,0,Shoulder injury - Expected back 22 Jan,2023-10-27 13:30:09.209650+00:00
709,556,Ki-Jana,Hoever,20,2,0,0.0,455,0,0,0,0,0,0,0,0,0,0.0,513,0.0,500,0.0,476,0,Season long loan to Stoke City,2023-07-24 09:58:05.682494+00:00
710,557,Hwang,Hee-chan,20,3,681,6.5,8,6,2,0,11,0,0,0,3,0,273.4,25,147.5,64,217.0,35,8,,2023-08-26 21:00:08.675337+00:00
711,559,João Victor,Gomes da Silva,20,3,673,1.0,247,0,1,1,14,0,0,0,3,0,68.4,258,69.0,167,26.0,254,9,,
712,560,Jonathan,Castro Otto,20,2,4,0.0,500,0,0,0,0,0,0,0,0,0,5.0,417,0.0,540,0.0,521,0,,
713,561,Bruno,Cavaco Jordão,20,3,0,0.0,554,0,0,0,0,0,0,0,0,0,0.0,592,0.0,585,0.0,573,0,,
714,562,Sasa,Kalajdzic,20,4,111,3.0,92,2,0,1,1,0,0,0,0,0,89.0,226,39.0,249,58.0,171,1,,
715,563,Max,Kilman,20,2,990,1.2,206,0,0,1,19,0,0,0,2,0,236.4,43,81.5,144,60.0,164,11,,
716,564,Tom,King,20,1,0,0.0,426,0,0,0,0,0,0,0,0,0,0.0,486,0.0,473,0.0,449,0,,
717,565,Mario,Lemina,20,3,882,2.5,111,1,0,1,16,0,0,0,4,1,152.8,123,58.8,192,147.0,54,10,,2023-10-08 19:00:08.456027+00:00
718,567,Pedro,Lomba Neto,20,3,886,3.5,72,1,8,1,17,0,0,0,3,0,248.0,37,388.1,4,207.0,36,10,Hamstring injury - Expected back 27 Nov,2023-10-28 19:30:09.445880+00:00
719,568,Daniel,Castelo Podence,20,3,0,0.0,703,0,0,0,0,0,0,0,0,0,0.0,713,0.0,713,0.0,710,0,On loan to Olympiakos,2023-09-06 09:27:43.215497+00:00
720,569,José,Malheiro de Sá,20,1,990,2.0,143,0,0,1,19,0,0,0,1,0,307.4,19,0.0,700,0.0,697,11,,
721,570,Pablo,Sarabia,20,3,187,0.0,653,0,1,1,1,0,0,0,1,0,47.0,293,111.2,96,53.0,184,2,,
722,571,Matija,Šarkić,20,1,0,0.0,438,0,0,0,0,0,0,0,0,0,0.0,498,0.0,485,0.0,461,0,Permanent transfer to Millwall,2023-08-07 07:47:40.181414+00:00
723,572,Nélson,Cabral Semedo,20,2,893,0.8,271,0,0,1,18,0,0,0,4,0,166.0,112,75.9,150,40.0,209,10,,2023-10-19 12:00:09.529330+00:00
724,573,Toti António,Gomes,20,2,493,2.5,106,0,1,0,7,0,0,0,0,0,96.0,210,19.8,312,2.0,390,5,,
725,574,Boubacar,Traoré,20,3,254,1.0,229,0,0,0,9,0,0,0,1,0,33.2,327,25.3,294,9.0,340,2,,
726,590,Matheus,Santos Carneiro Da Cunha,20,4,891,3.2,81,2,1,1,17,0,0,0,1,0,194.4,80,120.4,85,294.0,19,11,,2023-08-11 13:30:07.246810+00:00
727,598,Matt,Doherty,20,2,226,0.8,257,0,0,0,5,0,0,0,0,0,42.8,303,52.0,207,21.0,269,1,,
728,697,Santiago,Bueno,20,2,0,0.0,585,0,0,0,0,0,0,0,0,0,0.0,619,0.0,616,0.0,606,0,,2023-10-06 16:00:11.039996+00:00
729,698,Enso,González,20,3,0,0.0,696,0,0,0,0,0,0,0,0,0,0.0,711,0.0,709,0.0,706,0,,
730,704,Nathan,Fraser,20,4,0,0.0,630,0,0,0,0,0,0,0,0,0,0.0,661,0.0,657,0.0,649,0,,
731,715,Jean-Ricner,Bellegarde,20,3,143,1.8,164,1,0,0,4,0,0,0,0,1,49.8,289,27.5,286,28.0,245,2,,2023-10-21 18:00:09.560300+00:00
